,experiment,EH_ID,completed_mice,labels,Fecal_status,Mouse_status,Repeated_extract,dpi,E57_Sample_status,VJD_Sample_status,fecal_mass_for_extraction_in grams,Extraction_round_1,Extraction_round_2,Errors_during_extraction,Faeces_for_RNA-Extraction,Sample_location,Date_of_extraction,Executor,V_H20
1,E57,LM0179,,E57aACD,,,,0,Found,Found,0.0428,with_beads,with_beads,,,Box_5_Row_4,,,
2,E57,LM0179,,E57aMQS,,,,1,Found,Found,0.0503,with_beads,with_beads,,,Box_5_Row_4,,,
3,E57,LM0179,,E57aHUY,,,,2,Found,Found,0.0533,with_beads,with_beads,,,Box_5_Row_4,,,
4,E57,LM0179,,E57aHKT,,,,3,Found,Unknown,0.0109,with_beads,with_beads,,,Box_5_Row_4,05.04.2022_B1,Dileshi,
5,E57,LM0179,,E57aELN,,,,4,Found,Found,0.0580,with_beads,with_beads,,,Box_5_Row_4,05.04.2022_B1,Dileshi,
6,E57,LM0179,,E57aVXY,,,,5,Found,Found,0.0374,with_beads,with_beads,,,Box_5_Row_4,05.04.2022_B1,Dileshi,
7,E57,LM0179,,E57aRVX,,,,6,Unknown,Found,0.0389,with_beads,with_beads,,,Box_5_Row_4,14.03.2022,Alexa,
8,E57,LM0179,,E57aBEJ,,,,7,Found,Unknown,0.0248,with_beads,with_beads,,,Box_5_Row_4,21.03.2022,Alexa,
9,E57,LM0179,,E57aOQZ,Diarrhea,,,8,Unknown,Unknown,,,,,,Box_5_Row_4,,,
10,E57,LM0179,,E57aGTY,,,,9,Found,Found,0.0363,with_beads,with_beads,,,Box_5_Row_4,11.03.2022_B2,Dileshi,
11,E57,LM0179,,E57aBLZ,,,,10,Found,Found,0.0586,with_beads,with_beads,,,Box_5_Row_4,,,
12,E57,LM0179,,E57aCXY,,,,11,Found,Found,0.0488,with_beads,with_beads,,,Box_5_Row_4,,,
13,E57,LM0180,XX,E57aBLX,,,,0,Found,Unknown,0.0568,with_beads,with_beads,,,Box_5_Row_3,19.04.2022_B1,Dileshi,
14,E57,LM0180,XX,E57aDTY,,,,1,Found,Found,0.0694,with_beads,with_beads,,Available,Box_5_Row_3,19.04.2022_B1,Dileshi,
15,E57,LM0180,XX,E57aMQT,,,,2,Found,Found,0.1058,with_beads,with_beads,,Available,Box_5_Row_3,10.04.2022_B1,Dileshi,
16,E57,LM0180,XX,E57aCLZ,,,,3,Found,Unknown,0.0923,with_beads,with_beads,,Available,Box_5_Row_3,05.04.2022_B1,Dileshi,
17,E57,LM0180,XX,E57aGLV,,,,4,Found,Found,0.1095,with_beads,with_beads,,Available,Box_5_Row_3,10.04.2022_B1,Dileshi,
18,E57,LM0180,XX,E57aLMW,,,,5,Found,Found,0.0722,with_beads,with_beads,,Available,Box_5_Row_3,19.04.2022_B1,Dileshi,
19,E57,LM0180,XX,E57aKWY,,,,6,Found,Found,0.1007,with_beads,with_beads,,Available,Box_5_Row_3,11.03.2022_B1,Dileshi,
20,E57,LM0180,XX,E57aQRU,,,,7,Found,Unknown,0.1067,with_beads,with_beads,,Available,Box_5_Row_3,11.03.2022_B2,Dileshi,
21,E57,LM0180,XX,E57aCGI,Soft,,,8,Unknown,Unknown,,,,,Available,Box_5_Row_3,,,
22,E57,LM0180,XX,E57aQVZ,,,,9,Found,Found,0.0606,with_beads,with_beads,,Available,Box_5_Row_3,19.04.2022_B1,Dileshi,
23,E57,LM0180,XX,E57aDPT,,,,10,Found,Found,0.0558,with_beads,with_beads,,Available,Box_5_Row_3,19.04.2022_B1,Dileshi,
24,E57,LM0180,XX,E57aIJY,,,,11,Found,Found,0.0540,with_beads,with_beads,,Available,Box_5_Row_3,19.04.2022_B1,Dileshi,
25,E57,LM0181,,E57aAWY,,,,0,Found,Found,0.0456,with_beads,with_beads,,,Box_5_Row_2,,,
26,E57,LM0181,,E57aMQR,,,,1,Empty,Found,0.0409,with_beads,with_beads,,Available,Box_5_Row_2,,,
27,E57,LM0181,,E57aIRX,,,,2,Found,Found,0.0492,with_beads,with_beads,,Available,Box_5_Row_2,,,
28,E57,LM0181,,E57aQTW,,,,3,Empty,Unknown,,,,,Available,Box_5_Row_2,,,
29,E57,LM0181,,E57aPSY,,,,4,Found,Found,0.0942,with_beads,with_beads,,,Box_5_Row_2,07.04.2022_B1,Dileshi,
30,E57,LM0181,,E57aKMS,,,,5,Found,Found,0.0956,with_beads,with_beads,,,Box_5_Row_2,07.04.2022_B1,Dileshi,
31,E57,LM0181,,E57aJLY,,,,6,Found,Found,0.0922,with_beads,with_beads,,,Box_5_Row_2,15.03.2022,Alexa,
32,E57,LM0181,,E57aINV,,,,7,Found,Unknown,0.1143,with_beads,with_beads,,,Box_5_Row_2,15.03.2022,Alexa,
33,E57,LM0181,,E57aLPT,,,,8,Unknown,Unknown,,,,,Available,Box_5_Row_2,,,
34,E57,LM0181,,E57aHPU,,,,9,Found,Found,0.0445,with_beads,with_beads,,Available,Box_5_Row_2,,,
35,E57,LM0181,,E57aBCS,,,,10,Empty,Found,0.0256,with_beads,with_beads,,,Box_5_Row_2,,,
36,E57,LM0181,,E57aCGH,,,,11,Found,Found,0.0408,with_beads,with_beads,,Available,Box_5_Row_2,,,
37,E57,LM0182,XX,E57aCLT,,,,0,Found,Found,0.0602,with_beads,with_beads,,,Box_5_Row_1,19.04.2022_B2,Dileshi,
38,E57,LM0182,XX,E57aESV,,,,1,Empty,Found,0.0603,with_beads,with_beads,,,Box_5_Row_1,19.04.2022_B2,Dileshi,
39,E57,LM0182,XX,E57aBOR,,,,2,Empty,Found,0.0741,with_beads,with_beads,,,Box_5_Row_1,19.04.2022_B2,Dileshi,
40,E57,LM0182,XX,E57aHIS,,,,3,Found,Unknown,0.0162,with_beads,with_beads,,,Box_5_Row_1,23.04.2022_B1,Dileshi,
41,E57,LM0182,XX,E57aABD,,,,4,Found,Found,0.0795,with_beads,with_beads,,Available,Box_5_Row_1,19.04.2022_B2,Dileshi,
42,E57,LM0182,XX,E57aJMY,,,,5,Found,Found,0.0525,with_beads,with_beads,,Available,Box_5_Row_1,19.04.2022_B2,Dileshi,
43,E57,LM0182,XX,E57aJRS,,,,6,Found,Found,0.1052,with_beads,with_beads,,Available,Box_5_Row_1,11.03.2022_B2,Dileshi,
44,E57,LM0182,XX,E57aFSW,,,,7,Found,Unknown,0.0847,with_beads,with_beads,,,Box_5_Row_1,17.03.2022,Alexa,
45,E57,LM0182,XX,E57aACW,,,,8,Found,Unknown,0.0340,with_beads,with_beads,,Available,Box_5_Row_1,11.03.2022_B1,Dileshi,
46,E57,LM0182,XX,E57aJSW,,,,9,Found,Found,0.0556,with_beads,with_beads,,Available,Box_5_Row_1,19.04.2022_B2,Dileshi,
47,E57,LM0182,XX,E57aDMZ,,,,10,Found,Found,0.0470,with_beads,with_beads,,Available,Box_5_Row_1,20.04.2022_B1,Dileshi,
48,E57,LM0182,XX,E57aHNX,,,,11,Found,Found,0.0650,with_beads,with_beads,,Available,Box_5_Row_1,20.04.2022_B1,Dileshi,
49,E57,LM0183,,E57aCEK,,,,0,Found,Found,,,,,,Box_4_Row_5,,,
50,E57,LM0183,,E57aPTZ,,,,1,Found,Found,,,,,,Box_4_Row_5,,,
51,E57,LM0183,,E57aCLN,,,,2,Found,Found,,,,,,Box_4_Row_5,,,
52,E57,LM0183,,E57aAVZ,,,,3,Found,Unknown,,,,,,Box_4_Row_5,,,
53,E57,LM0183,,E57aDEO,,,,4,Found,Found,,,,,,Box_4_Row_5,,,
54,E57,LM0183,,E57aEKQ,,,,5,Found,Found,,,,,Available,Box_4_Row_5,,,
55,E57,LM0183,,E57aDSY,,,,6,Found,Found,0.0826,with_beads,with_beads,,,Box_4_Row_5,15.03.2022,Alexa,
56,E57,LM0183,,E57aHJV,,,,7,Found,Unknown,0.0528,with_beads,with_beads,,,Box_4_Row_5,17.03.2022,Alexa,
57,E57,LM0183,,E57aDIY,Soft,,,8,Unknown,Unknown,,,,,,Box_4_Row_5,,,
58,E57,LM0183,,E57aCIX,,,,9,Unknown,Found,,,,,,Box_4_Row_5,,,
59,E57,LM0183,,E57aABT,,,,10,Found,Found,,,,,,Box_4_Row_5,,,
60,E57,LM0183,,E57aPWX,,,,11,Found,Found,,,,,,Box_4_Row_5,,,
61,E57,LM0184,XX,E57aCUX,,,,0,Found,Found,0.0639,with_beads,with_beads,,,Box_4_Row_4,20.04.2022_B2,Dileshi,
62,E57,LM0184,XX,E57aEKO,,,,1,Found,Found,0.0554,with_beads,with_beads,Step_7_round_2_supernatant_lost,,Box_4_Row_4,21.04.2022_B1,Dileshi,
63,E57,LM0184,XX,E57aETU,,,,2,Found,Found,0.0527,with_beads,with_beads,,,Box_4_Row_4,21.04.2022_B1,Dileshi,
64,E57,LM0184,XX,E57aLPU,,,,3,Found,Unknown,0.0555,with_beads,with_beads,,,Box_4_Row_4,23.04.2022_B1,Dileshi,
65,E57,LM0184,XX,E57aEHS,,,,4,Found,Found,0.0554,with_beads,with_beads,Step_7_round_2_supernatant_lost,,Box_4_Row_4,21.04.2022_B1,Dileshi,
66,E57,LM0184,XX,E57aOPZ,,,,5,Found,Found,0.0597,with_beads,with_beads,,,Box_4_Row_4,21.04.2022_B1,Dileshi,
67,E57,LM0184,XX,E57aSYZ,,,,6,Empty,Found,0.0653,with_beads,with_beads,,Available,Box_4_Row_4,21.04.2022_B1,Dileshi,
68,E57,LM0184,XX,E57aNRW,,,,7,Found,Unknown,0.0035,with_beads,with_beads,,Available,Box_4_Row_4,17.03.2022,Alexa,
69,E57,LM0184,XX,E57aLSU,,,,8,Found,Unknown,0.0302,with_beads,with_beads,,Available,Box_4_Row_4,17.03.2022,Alexa,
70,E57,LM0184,XX,E57aLSZ,,,,9,Found,Found,0.0618,with_beads,with_beads,,Available,Box_4_Row_4,21.04.2022_B1,Dileshi,
71,E57,LM0184,XX,E57aBGM,,,,10,Found,Found,0.0525,with_beads,with_beads,,Available,Box_4_Row_4,21.04.2022_B1,Dileshi,
72,E57,LM0184,XX,E57aKNT,,,,11,Found,Found,0.0506,with_beads,with_beads,,Available,Box_4_Row_4,20.04.2022_B2,Dileshi,
73,E57,LM0185,XX,E57aCEG,,,,0,Found,Found,0.0867,with_beads,with_beads,,,Box_4_Row_3,10.04.2022_B1,Dileshi,
74,E57,LM0185,XX,E57aMOV,,,,1,Found,Found,0.0477,with_beads,with_beads,,,Box_4_Row_3,20.04.2022_B2,Dileshi,
75,E57,LM0185,XX,E57aIPY,,,,2,Found,Found,0.0752,with_beads,with_beads,,,Box_4_Row_3,20.04.2022_B1,Dileshi,
76,E57,LM0185,XX,E57aIPT,,,,3,Found,Unknown,0.0884,with_beads,with_beads,,,Box_4_Row_3,10.04.2022_B1,Dileshi,
77,E57,LM0185,XX,E57aBCE,,,,4,Found,Found,0.1047,with_beads,with_beads,,,Box_4_Row_3,10.04.2022_B1,Dileshi,
78,E57,LM0185,XX,E57aBCE2,,,Yes,4,Unknown,Found,0.0509,with_beads,with_beads,,,,20.04.2022_B2,Dileshi,
79,E57,LM0185,XX,E57aCKR,,,,5,Found,Found,0.0609,with_beads,with_beads,,Available,Box_4_Row_3,20.04.2022_B2,Dileshi,
80,E57,LM0185,XX,E57aEFU2,,,,6,Found,Found,0.0518,with_beads,with_beads,,Available,Box_4_Row_3,20.04.2022_B2,Dileshi,
81,E57,LM0185,XX,E57aEFU,,,Yes,6,,,0.0813,with_beads,with_beads,,,,15.03.2022,Alexa,
82,E57,LM0185,XX,E57aBIL,,,,7,Found,Unknown,0.1431,with_beads,with_beads,,,Box_4_Row_3,15.03.2022,Alexa,
83,E57,LM0185,XX,E57aDMV,,,,8,Found,Found,0.0734,with_beads,with_beads,,,Box_4_Row_3,20.04.2022_B2,Dileshi,
84,E57,LM0185,XX,E57aDMV2,,,Yes,8,,,0.0329,with_beads,with_beads,,Available,,21.03.2022,Alexa,
85,E57,LM0185,XX,E57aIKO,,,,9,Found,Found,0.0710,with_beads,with_beads,,,Box_4_Row_3,20.04.2022_B2,Dileshi,
86,E57,LM0185,XX,E57aCHR,,,,10,Unknown,Found,0.0482,with_beads,with_beads,,,Box_4_Row_3,20.04.2022_B2,Dileshi,
87,E57,LM0185,XX,E57aCKW,,,,11,Found,Found,0.0803,with_beads,with_beads,,Available,Box_4_Row_3,20.04.2022_B2,Dileshi,
88,E57,LM0186,XX,E57aFPV,,,,0,Found,Found,0.0739,with_beads,with_beads,,Available,Box_4_Row_2,20.04.2022_B1,Dileshi,
89,E57,LM0186,XX,E57aSUW,,,,1,Unknown,Found,0.0839,with_beads,with_beads,,Available,Box_4_Row_2,20.04.2022_B1,Dileshi,
90,E57,LM0186,XX,E57aCDE,,,,2,Found,Found,0.0634,with_beads,with_beads,,Available,Box_4_Row_2,20.04.2022_B1,Dileshi,
91,E57,LM0186,XX,E57aFJQ,,,,3,Found,Unknown,0.0590,with_beads,with_beads,,,Box_4_Row_2,23.04.2022_B1,Dileshi,
92,E57,LM0186,XX,E57aCEW,,,,4,Found,Found,0.0373,with_beads,with_beads,,,Box_4_Row_2,20.04.2022_B1,Dileshi,
93,E57,LM0186,XX,E57aBQY,,,,5,Found,Found,0.0520,with_beads,with_beads,,Available,Box_4_Row_2,20.04.2022_B1,Dileshi,
94,E57,LM0186,XX,E57aEJM,,,,6,Found,Found,0.0938,with_beads,with_beads,,,Box_4_Row_2,18.03.2022,Alexa,
95,E57,LM0186,XX,E57aBQZ,,,,7,Found,Unknown,0.1006,with_beads,with_beads,,,Box_4_Row_2,17.03.2022,Alexa,
96,E57,LM0186,XX,E57aJPY,,,,8,Found,Unknown,0.0352,with_beads,with_beads,,,Box_4_Row_2,17.03.2022,Alexa,
97,E57,LM0186,XX,E57aKQZ,,,,9,Found,Found,0.1045,with_beads,with_beads,,Available,Box_4_Row_2,17.03.2022,Alexa,
98,E57,LM0186,XX,E57aFJK,,,,10,Found,Found,0.0630,with_beads,with_beads,,Available,Box_4_Row_2,20.04.2022_B1,Dileshi,
99,E57,LM0186,XX,E57aHQT,,,,11,Empty,Found,0.0706,with_beads,with_beads,,,Box_4_Row_2,20.04.2022_B1,Dileshi,
100,E57,LM0187,,E57aFJS,,,,0,Found,Found,,,,,,Box_9_Row_2,,,
101,E57,LM0187,,E57aENZ,,,,1,Found,Found,,,,,,Box_9_Row_2,,,
102,E57,LM0187,,E57aNQS,,,,2,Found,Found,,,,,,Box_9_Row_2,,,
103,E57,LM0187,,E57aMNV,,,,3,Found,Unknown,,,,,Available,Box_9_Row_2,,,
104,E57,LM0187,,E57aEPU,,,,4,Found,Found,,,,,,Box_9_Row_2,,,
105,E57,LM0187,,E57aMOU,,,,5,Found,Found,,,,,,Box_9_Row_2,,,
106,E57,LM0187,,E57aFPR,,,,6,Unknown,Found,,,,,,Box_9_Row_2,,,
107,E57,LM0187,,E57aAOP,,,,7,Found,Unknown,0.0459,with_beads,with_beads,,,Box_9_Row_2,15.03.2022,Alexa,
108,E57,LM0187,,E57aAPW,,Sacrificed,,8,Empty,Unknown,,,,,Available,Box_9_Row_2,,,
109,E57,LM0187,,E57aKPZ,Unavailable,Sacrificed,,9,Unknown,Unknown,,,,,,Box_9_Row_2,,,
110,E57,LM0187,,E57aAKP,Unavailable,Sacrificed,,10,Unknown,Unknown,,,,,,Box_9_Row_2,,,
111,E57,LM0187,,E57aCIZ,Unavailable,Sacrificed,,11,Unknown,Unknown,,,,,,Box_9_Row_2,,,
112,E57,LM0188,XX,E57aCIW,,,,0,Found,Found,0.0840,with_beads,with_beads,,,Box_3_Row_5,10.04.2022_B1,Dileshi,
113,E57,LM0188,XX,E57aCIW2,,,Yes,0,Unknown,Found,0.0589,with_beads,with_beads,,,,22.04.2022_B1,Dileshi,
114,E57,LM0188,XX,E57aBCR,,,,1,Found,Found,0.0504,with_beads,with_beads,,,Box_3_Row_5,22.04.2022_B1,Dileshi,
115,E57,LM0188,XX,E57aFKW,,,,2,Found,Unknown,0.0662,with_beads,with_beads,,,Box_3_Row_5,23.04.2022_B2,Dileshi,
116,E57,LM0188,XX,E57aDRY,,,,3,Found,Unknown,0.0690,with_beads,with_beads,,,Box_3_Row_5,23.04.2022_B2,Dileshi,
117,E57,LM0188,XX,E57aDNX,,,,4,Found,Found,0.0745,with_beads,with_beads,,,Box_3_Row_5,22.04.2022_B1,Dileshi,
118,E57,LM0188,XX,E57aAOV,,,,5,Found,Found,0.0731,with_beads,with_beads,,,Box_3_Row_5,10.03.2022_B1,Dileshi,
119,E57,LM0188,XX,E57aAOV2,,,Yes,5,Unknown,Found,0.0532,with_beads,with_beads,,,,22.04.2022_B1,Dileshi,
120,E57,LM0188,XX,E57aEOU,,,,6,Unknown,Found,0.0552,with_beads,with_beads,,,Box_3_Row_5,22.04.2022_B1,Dileshi,
121,E57,LM0188,XX,E57aUVY,Soft,,,7,Found,Unknown,0.0207,with_beads,with_beads,,,Box_3_Row_5,21.03.2022,Alexa,
122,E57,LM0188,XX,E57aDET,,,,8,Found,Unknown,0.0908,with_beads,with_beads,,,Box_3_Row_5,11.03.2022_B1,Dileshi,
123,E57,LM0188,XX,E57aTWY,,,,9,Empty,Found,0.0316,with_beads,with_beads,,Available,Box_3_Row_5,22.04.2022_B1,Dileshi,
124,E57,LM0188,XX,E57aCIP,,,,10,Found,Found,0.0640,with_beads,with_beads,,Available,Box_3_Row_5,22.04.2022_B2,Dileshi,
125,E57,LM0188,XX,E57aIJT,,,,11,Found,Found,0.0805,with_beads,with_beads,,,Box_3_Row_5,22.04.2022_B2,Dileshi,
126,E57,LM0189,,E57aIJW,,,,0,Found,Found,,,,,Available,Box_12unlabeled_Row_1,,,
127,E57,LM0189,,E57aCJS,,,,1,Found,Found,,,,,Available,Box_12unlabeled_Row_1,,,
128,E57,LM0189,,E57aDOV,,,,2,Found,Found,,,,,,Box_12unlabeled_Row_1,,,
129,E57,LM0189,,E57aKSV,,,,3,Found,Unknown,,,,,Available,Box_12unlabeled_Row_1,,,
130,E57,LM0189,,E57aAYZ,,,,4,Found,Found,,,,,Available,Box_12unlabeled_Row_1,,,
131,E57,LM0189,,E57aCKY,,,,5,Found,Found,,,,,,Box_12unlabeled_Row_1,,,
132,E57,LM0189,,E57aABV,,,,6,Found,Found,0.1047,with_beads,with_beads,,,Box_12unlabeled_Row_1,11.03.2022_B2,Dileshi,
133,E57,LM0189,,E57aCHW,,,,7,Empty,Unknown,,,,,,Box_12unlabeled_Row_1,,,
134,E57,LM0189,,E57aAOY,Low content,,,8,Empty,Unknown,,,,,,Box_12unlabeled_Row_1,,,
135,E57,LM0189,,E57aKWX,,Sacrificed,,9,Unknown,Found,,,,,,Box_12unlabeled_Row_1,,,
136,E57,LM0189,,E57aAOW,Unavailable,Sacrificed,,10,Unknown,Unknown,,,,,Available,Box_12unlabeled_Row_1,,,
137,E57,LM0189,,E57aDGS,Unavailable,Sacrificed,,11,Unknown,Unknown,,,,,,Box_12unlabeled_Row_1,,,
138,E57,LM0190,XX,E57aHOX,,,,0,Found,Found,0.0584,with_beads,with_beads,,,Box_4_Row_1,21.04.2022_B2,Dileshi,
139,E57,LM0190,XX,E57aRSW,,,,1,Found,Found,0.0799,with_beads,with_beads,,,Box_4_Row_1,21.04.2022_B1,Dileshi,
140,E57,LM0190,XX,E57aEKR,,,,2,Found,Unknown,0.0215,with_beads,with_beads,,,Box_4_Row_1,23.04.2022_B1,Dileshi,
141,E57,LM0190,XX,E57aGQX,,,,3,Empty,Unknown,,,,,,Box_4_Row_1,,,
142,E57,LM0190,XX,E57aVWX,,,,4,Found,Found,0.0650,with_beads,with_beads,,,Box_4_Row_1,10.04.2022_B1,Dileshi,
143,E57,LM0190,XX,E57aVWX2,,,Yes,4,Found,Found,0.0652,with_beads,with_beads,,Available,,01.05.2022_B1,Dileshi,
144,E57,LM0190,XX,E57aCEP,,,,5,Empty,Found,0.0525,with_beads,with_beads,,,Box_4_Row_1,21.04.2022_B2,Dileshi,
145,E57,LM0190,XX,E57aNSZ,,,,6,Found,Found,0.0574,with_beads,with_beads,,,Box_4_Row_1,21.04.2022_B1,Dileshi,
146,E57,LM0190,XX,E57aNSZ2,,,Yes,,,,0.0286,with_beads,with_beads,,,,21.03.2022,Alexa,
147,E57,LM0190,XX,E57aPWY,,,,7,Found,Unknown,0.0580,with_beads,with_beads,,,Box_4_Row_1,11.03.2022_B1,Dileshi,
148,E57,LM0190,XX,E57aAIZ,,,,8,Found,Unknown,0.0100,with_beads,with_beads,,,Box_4_Row_1,21.03.2022,Alexa,
149,E57,LM0190,XX,E57aJNS,,,,9,Empty,Found,0.0642,with_beads,with_beads,,,Box_4_Row_1,21.04.2022_B1,Dileshi,
150,E57,LM0190,XX,E57aLUW,,,,10,Found,Found,0.0461,with_beads,with_beads,,Available,Box_4_Row_1,21.04.2022_B2,Dileshi,
151,E57,LM0190,XX,E57aFJO,,,,11,Found,Found,0.0913,with_beads,with_beads,,,Box_4_Row_1,10.04.2022_B1,Dileshi,
152,E57,LM0191,XX,E57aHJX,,,,0,Found,Found,0.0536,with_beads,with_beads,,,Box_3_Row_4,30.04.2022_B1,Dileshi,
153,E57,LM0191,XX,E57aINR,,,,1,Found,Found,0.0540,with_beads,with_beads,,,Box_3_Row_4,30.04.2022_B1,Dileshi,
154,E57,LM0191,XX,E57aBNR,,,,2,Found,Unknown,0.0242,with_beads,with_beads,,,Box_3_Row_4,30.04.2022_B1,Dileshi,
155,E57,LM0191,XX,E57aMRT,,,,3,Found,Unknown,0.0358,with_beads,with_beads,,Available,Box_3_Row_4,30.04.2022_B1,Dileshi,
156,E57,LM0191,XX,E57aBHO,,,,4,Found,Found,0.0572,with_beads,with_beads,,Available,Box_3_Row_4,30.04.2022_B1,Dileshi,
157,E57,LM0191,XX,E57aHLZ,,,,5,Found,Found,0.0460,with_beads,with_beads,,,Box_3_Row_4,30.04.2022_B1,Dileshi,
158,E57,LM0191,XX,E57aAJO,,,,6,Unknown,Found,0.0483,with_beads,with_beads,,Available,Box_3_Row_4,30.04.2022_B1,Dileshi,
159,E57,LM0191,XX,E57aDOZ,,,,7,Found,Found_as_poz,0.1078,with_beads,with_beads,,Available,Box_3_Row_4,11.03.2022_B1,Dileshi,
160,E57,LM0191,XX,E57aHOP,,,,8,Found,Unknown,0.0252,with_beads,with_beads,,,Box_3_Row_4,17.03.2022,Alexa,
161,E57,LM0191,XX,E57aFUY,,,,9,Found,Found,0.0343,with_beads,with_beads,,,Box_3_Row_4,30.04.2022_B1,Dileshi,
162,E57,LM0191,XX,E57aBCY,,,,10,Empty,Found,0.0533,with_beads,with_beads,,Available,Box_3_Row_4,30.04.2022_B1,Dileshi,
163,E57,LM0191,XX,E57aJLN,,,,11,Empty,Found,0.0612,with_beads,with_beads,,,Box_3_Row_4,30.04.2022_B1,Dileshi,
164,E57,LM0192,XX,E57aGUX,,,,0,Found,Found,0.0408,with_beads,with_beads,,,Box_3_Row_3,01.05.2022_B1,Dileshi,
165,E57,LM0192,XX,E57aBCJ,,,,1,Found,Found,0.0605,with_beads,with_beads,,Available,Box_3_Row_3,01.05.2022_B1,Dileshi,
166,E57,LM0192,XX,E57aIVX,,,,2,Found,Unknown,,,,,Available,Box_3_Row_3,,,
167,E57,LM0192,XX,E57aKNU,,,,3,Found,Unknown,0.0405,with_beads,with_beads,,,Box_3_Row_3,01.05.2022_B1,Dileshi,
168,E57,LM0192,XX,E57aEHN,,,,4,Found,Found,0.0516,with_beads,with_beads,lost_50%_supernatant_step_14,,Box_3_Row_3,01.05.2022_B1,Dileshi,
169,E57,LM0192,XX,E57aEHX,,,,5,Found,Found,0.0628,with_beads,with_beads,,Available,Box_3_Row_3,01.05.2022_B1,Dileshi,
170,E57,LM0192,XX,E57aDMO,,,,6,Found,Found,0.0122,with_beads,with_beads,,Available,Box_3_Row_3,11.03.2022_B2,Dileshi,
171,E57,LM0192,XX,E57aDMO2,,,Yes,6,Found,Found,0.0342,with_beads,with_beads,,,,01.05.2022_B1,Dileshi,
172,E57,LM0192,XX,E57aEMT,,,,7,Found,Unknown,0.0115,with_beads,with_beads,,Available,Box_3_Row_3,18.03.2022,Alexa,
173,E57,LM0192,XX,E57aQSY,,,,8,Found,Unknown,0.0508,with_beads,with_beads,,,Box_3_Row_3,17.03.2022,Alexa,
174,E57,LM0192,XX,E57aKPV,,,,9,Found,Found,0.0487,with_beads,with_beads,,,Box_3_Row_3,01.05.2022_B1,Dileshi,
175,E57,LM0192,XX,E57aAGL,,,,10,Found,Found,0.0492,with_beads,with_beads,,,Box_3_Row_3,01.05.2022_B1,Dileshi,
176,E57,LM0192,XX,E57aTWZ,,,,11,Found,Found,0.0436,with_beads,with_beads,,Available,Box_3_Row_3,,,
177,E57,LM0193,,E57aGUW,,,,0,Found,Found,,,,,Available,Box_12unlabeled_Row_2,,,
178,E57,LM0193,,E57aNRX,,,,1,Empty,Found,,,,,Available,Box_12unlabeled_Row_2,,,
179,E57,LM0193,,E57aFKO,,,,2,Found,Unknown,,,,,Available,Box_12unlabeled_Row_2,,,
180,E57,LM0193,,E57aAEN,,,,3,Found,Unknown,,,,,,Box_12unlabeled_Row_2,,,
181,E57,LM0193,,E57aIVZ,,,,4,Found,Found,,,,,,Box_12unlabeled_Row_2,,,
182,E57,LM0193,,E57aAGS,,,,5,Found,Found,,,,,Available,Box_12unlabeled_Row_2,,,
183,E57,LM0193,,E57aDJP,,,,6,Found,Found,0.0251,with_beads,with_beads,,Available,Box_12unlabeled_Row_2,21.03.2022,Alexa,
184,E57,LM0193,,E57aBDL,,,,7,Found,Unknown,0.0223,with_beads,with_beads,,,Box_12unlabeled_Row_2,18.03.2022,Alexa,
185,E57,LM0193,,E57aHNZ,,Died,,8,Empty,Unknown,,,,,,Box_12unlabeled_Row_2,,,
186,E57,LM0193,,E57aDTV,Unavailable,Died,,9,Unknown,Unknown,,,,,,Box_12unlabeled_Row_2,,,
187,E57,LM0193,,E57aRTY,Unavailable,Died,,10,Unknown,Unknown,,,,,,Box_12unlabeled_Row_2,,,
188,E57,LM0193,,E57aDGX,Unavailable,Died,,11,Unknown,Unknown,,,,,,Box_12unlabeled_Row_2,,,
189,E57,LM0194,XX,E57aLNU,,,,0,Found,Found,0.0542,with_beads,with_beads,,,Box_3_Row_2,21.04.2022_B2,Dileshi,
190,E57,LM0194,XX,E57aLNU2,,,Yes,0,,,0.1065,with_beads,with_beads,,Available,,24.03.2022,Alexa,
191,E57,LM0194,XX,E57aNWZ,,,,1,Found,Found,0.0730,with_beads,with_beads,lost_supernatant_of_round_2_step_14,Available,Box_3_Row_2,21.04.2022_B2,Dileshi,
192,E57,LM0194,XX,E57aEIP,,,,2,Found,Unknown,0.0581,with_beads,with_beads,,,Box_3_Row_2,21.04.2022_B2,Dileshi,
193,E57,LM0194,XX,E57aNQY,,,,3,Found,Unknown,0.0734,with_beads,with_beads,,,Box_3_Row_2,05.04.2022_B1,Dileshi,
194,E57,LM0194,XX,E57aKNX,,,,4,Found,Found,0.0960,with_beads,with_beads,,,Box_3_Row_2,05.04.2022_B1,Dileshi,
195,E57,LM0194,XX,E57aKNX2,,,Yes,4,Found,Found,0.0549,with_beads,with_beads,,,,21.04.2022_B2,Dileshi,
196,E57,LM0194,XX,E57aJLQ,,,,5,Found,Found,0.0964,with_beads,with_beads,,,Box_3_Row_2,07.04.2022_B1,Dileshi,
197,E57,LM0194,XX,E57aAMY,,,,6,Found,Found,0.0852,with_beads,with_beads,,,Box_3_Row_2,11.03.2022_B2,Dileshi,
198,E57,LM0194,XX,E57aAHU,,,,7,Found,Unknown,0.1136,with_beads,with_beads,,,Box_3_Row_2,15.03.2022,Alexa,
199,E57,LM0194,XX,E57aDEY,,,,8,Found,Unknown,0.0416,with_beads,with_beads,,,Box_3_Row_2,18.03.2022,Alexa,
200,E57,LM0194,XX,E57aRUV,,,,9,Found,Found,0.0242,with_beads,with_beads,,,Box_3_Row_2,21.04.2022_B2,Dileshi,
201,E57,LM0194,XX,E57aEMX,,,,10,Found,Found,0.0515,with_beads,with_beads,,,Box_3_Row_2,21.04.2022_B2,Dileshi,
202,E57,LM0194,XX,E57aCTZ,,,,11,Found,Found,0.0707,with_beads,with_beads,,,Box_3_Row_2,21.04.2022_B2,Dileshi,
203,E57,LM0195,XX,E57aOPY,,,,0,Found,Found,0.0655,with_beads,with_beads,,,Box_3_Row_1,19.04.2022_B2,Dileshi,
204,E57,LM0195,XX,E57aEQU,,,,1,Empty,Found,0.0684,with_beads,with_beads,,,Box_3_Row_1,19.04.2022_B1,Dileshi,
205,E57,LM0195,XX,E57aGVZ,,,,2,Empty,Unknown,,,,,Available,Box_3_Row_1,,,
206,E57,LM0195,XX,E57aEGS,,,,3,Found,Unknown,,,,,Available,Box_3_Row_1,,,
207,E57,LM0195,XX,E57aJVY,,,,4,Found,Found,0.0528,with_beads,with_beads,,Available,Box_3_Row_1,19.04.2022_B2,Dileshi,
208,E57,LM0195,XX,E57aPTV,,,,5,Empty,Found,0.0669,with_beads,with_beads,,Available,Box_3_Row_1,19.04.2022_B1,Dileshi,
209,E57,LM0195,XX,E57aDGU,,,,6,Empty,Found,0.0620,with_beads,with_beads,,,Box_3_Row_1,19.04.2022_B1,Dileshi,
210,E57,LM0195,XX,E57aKVY,,,,7,Empty,Unknown,,,,,,Box_3_Row_1,,,
211,E57,LM0195,XX,E57aDPW,,,,8,Found,Unknown,0.0166,with_beads,with_beads,,,Box_3_Row_1,17.03.2022,Alexa,
212,E57,LM0195,XX,E57aBGI,,,,9,Empty,Found,0.0680,with_beads,with_beads,,Available,Box_3_Row_1,19.04.2022_B2,Dileshi,
213,E57,LM0195,XX,E57aFTX,,,,10,Found,Found,0.0628,with_beads,with_beads,,Available,Box_3_Row_1,19.04.2022_B2,Dileshi,
214,E57,LM0195,XX,E57aIJR,,,,11,Found,Found,0.0544,with_beads,with_beads,,Available,Box_3_Row_1,19.04.2022_B1,Dileshi,
215,E57,LM0196,,E57aCPW,,,,0,Found,Found,,,,,,Box_2_Row_5,,,
216,E57,LM0196,,E57aMNP,,,,1,Found,Found,,,,,,Box_2_Row_5,,,
217,E57,LM0196,,E57aFOW,,,,2,Found,Unknown,,,,,,Box_2_Row_5,,,
218,E57,LM0196,,E57aGHX,,,,3,Found,Unknown,,,,,,Box_2_Row_5,,,
219,E57,LM0196,,E57aEMV,,,,4,Found,Found,0.0151,with_beads,with_beads,,,Box_2_Row_5,07.04.2022_B1,Dileshi,
220,E57,LM0196,,E57aFGP,,,,5,Empty,Found,,,,,,Box_2_Row_5,,,
221,E57,LM0196,,E57aINP,,,,6,Empty,Found,,,,,,Box_2_Row_5,,,
222,E57,LM0196,,E57aACH,,,,7,Found,Unknown,0.0011,with_beads,with_beads,,Available,Box_2_Row_5,21.03.2022,Alexa,
223,E57,LM0196,,E57aDLZ,,,,8,Empty,Unknown,,,,,Available,Box_2_Row_5,,,
224,E57,LM0196,,E57aKNY,,,,9,Empty,Found,,,,,,Box_2_Row_5,,,
225,E57,LM0196,,E57aABN,,,,10,Found,Found,,,,,Available,Box_2_Row_5,,,
226,E57,LM0196,,E57aBGT,,,,11,Found,Found,,,,,,Box_2_Row_5,,,
227,E57,LM0197,XX,E57aLXZ,,,,0,Found,Found,0.0505,with_beads,with_beads,,,Box_2_Row_4,21.04.2022_B3,Dileshi,
228,E57,LM0197,XX,E57aJOS,,,,1,Found,Found,0.0579,with_beads,with_beads,,Available,Box_2_Row_4,21.04.2022_B3,Dileshi,
229,E57,LM0197,XX,E57aFKM,,,,2,Found,Unknown,0.0525,with_beads,with_beads,,,Box_2_Row_4,23.04.2022_B2,Dileshi,
230,E57,LM0197,XX,E57aAFR,,,,3,Found,Unknown,0.0642,with_beads,with_beads,,,Box_2_Row_4,10.04.2022_B1,Dileshi,
231,E57,LM0197,XX,E57aBFO,,,,4,Found,Found,0.0574,with_beads,with_beads,,,Box_2_Row_4,22.04.2022_B1,Dileshi,
232,E57,LM0197,XX,E57aHJL,,,,5,Found,Found,0.0642,with_beads,with_beads,,,Box_2_Row_4,21.04.2022_B3,Dileshi,
233,E57,LM0197,XX,E57aABU,,,,6,Found,Found,0.0303,with_beads,with_beads,,Available,Box_2_Row_4,11.03.2022_B2,Dileshi,
234,E57,LM0197,XX,E57aABU2,,,Yes,6,Unknown,Found,0.0430,with_beads,with_beads,spillage_hence_30µl_available_for_step14,,,22.04.2022_B1,Dileshi,
235,E57,LM0197,XX,E57aCNP,,,,7,Unknown,Unknown,0.0954,with_beads,with_beads,,Available,Box_2_Row_4,14.03.2022,Alexa,
236,E57,LM0197,XX,E57aJKZ,,,,8,Found,Unknown,0.1021,with_beads,with_beads,,,Box_2_Row_4,18.03.2022,Alexa,
237,E57,LM0197,XX,E57aLTU,,,,9,Found,Found,0.0600,with_beads,with_beads,,,Box_2_Row_4,21.04.2022_B3,Dileshi,
238,E57,LM0197,XX,E57aLYZ,,,,10,Found,Found,0.0460,with_beads,with_beads,,,Box_2_Row_4,22.04.2022_B1,Dileshi,
239,E57,LM0197,XX,E57aCOV,,,,11,Found,Found,0.0765,with_beads,with_beads,,,Box_2_Row_4,22.04.2022_B1,Dileshi,
240,E57,LM0198,XX,E57aCNS,,,,0,Found,Found,0.0557,with_beads,with_beads,,,Box_2_Row_3,22.04.2022_B2,Dileshi,
241,E57,LM0198,XX,E57aCQT,,,,1,Unknown,Found,0.0524,with_beads,with_beads,,,Box_2_Row_3,22.04.2022_B2,Dileshi,
242,E57,LM0198,XX,E57aOTV,,,,2,Found,Unknown,0.0434,with_beads,with_beads,,,Box_2_Row_3,23.04.2022_B2,Dileshi,
243,E57,LM0198,XX,E57aOVY,,,,3,Found,Unknown,0.0219,with_beads,with_beads,,,Box_2_Row_3,05.04.2022_B1,Dileshi,
244,E57,LM0198,XX,E57aDEZ,,,,4,Found,Found,0.0601,with_beads,with_beads,,,Box_2_Row_3,22.04.2022_B2,Dileshi,
245,E57,LM0198,XX,E57aMTY,,,,5,Found,Found,0.1032,with_beads,with_beads,,,Box_2_Row_3,05.04.2022_B1,Dileshi,
246,E57,LM0198,XX,E57aMTY2,,,Yes,5,Unknown,Found,0.0595,with_beads,with_beads,,,,22.04.2022_B2,Dileshi,
247,E57,LM0198,XX,E57aTXY,,,,6,Found,Found,0.0469,with_beads,with_beads,,,Box_2_Row_3,11.03.2022_B1,Dileshi,
248,E57,LM0198,XX,E57aJPV,,,,7,Found,Unknown,0.1046,with_beads,with_beads,,Available,Box_2_Row_3,17.03.2022,Alexa,
249,E57,LM0198,XX,E57aAJQ,,,,8,Found,Unknown,0.0362,with_beads,with_beads,,Available,Box_2_Row_3,15.03.2022,Alexa,
250,E57,LM0198,XX,E57aIKS,,,,9,Empty,Found,0.0754,with_beads,with_beads,,Available,Box_2_Row_3,22.04.2022_B2,Dileshi,
251,E57,LM0198,XX,E57aRXZ,,,,10,Found,Found,0.1084,with_beads,with_beads,,,Box_2_Row_3,22.04.2022_B2,Dileshi,
252,E57,LM0198,XX,E57aEHR,,,,11,Found,Found,0.0847,with_beads,with_beads,,,Box_2_Row_3,22.04.2022_B2,Dileshi,
253,E57,LM0199,XX,E57aBHN,,,,0,Found,Found,0.0630,with_beads,with_beads,,Available,Box_2_Row_2,21.04.2022_B3,Dileshi,
254,E57,LM0199,XX,E57aBHN2,,,Yes,0,Found,Found,0.0605,with_beads,with_beads,,Available,,23.04.2022_B1,Dileshi,
255,E57,LM0199,XX,E57aGHU,,,,1,Found,Found,0.0788,with_beads,with_beads,,,Box_2_Row_2,21.04.2022_B3,Dileshi,
256,E57,LM0199,XX,E57aCFG,,,,2,Found,Unknown,0.020,with_beads,with_beads,,,Box_2_Row_2,23.04.2022_B2,Dileshi,
257,E57,LM0199,XX,E57aBPQ,,,,3,Empty,Unknown,,,,,,Box_2_Row_2,,,
258,E57,LM0199,XX,E57aFOT,,,,4,Found,Found,0.0934,with_beads,with_beads,,,Box_2_Row_2,07.04.2022_B1,Dileshi,
259,E57,LM0199,XX,E57aFOQ,,,,5,Found,Found,0.0407,with_beads,with_beads,,,Box_2_Row_2,05.04.2022_B1,Dileshi,
260,E57,LM0199,XX,E57aFOQ,,,Yes,5,Unknown,Found,0.0763,with_beads,with_beads,,,,21.04.2022_B3,Dileshi,
261,E57,LM0199,XX,E57aIMQ,,,,6,Found,Found,0.1013,with_beads,with_beads,,Available,Box_2_Row_2,11.03.2022_B1,Dileshi,
262,E57,LM0199,XX,E57aCJY,,,,7,Found,Unknown,0.0105,with_beads,with_beads,,,Box_2_Row_2,11.03.2022_B1,Dileshi,
263,E57,LM0199,XX,E57aFKS,,,,8,Found,Unknown,0.0333,with_beads,with_beads,,Available,Box_2_Row_2,17.03.2022,Alexa,
264,E57,LM0199,XX,E57aGIR,,,,9,Unknown,Found,0.0592,with_beads,with_beads,,Available,Box_2_Row_2,21.04.2022_B3,Dileshi,
265,E57,LM0199,XX,E57aACJ,,,,10,Found,Found,0.0647,with_beads,with_beads,,Available,Box_2_Row_2,21.04.2022_B3,Dileshi,
266,E57,LM0199,XX,E57aHSZ,,,,11,Found,Found,0.0578,with_beads,with_beads,,,Box_2_Row_2,21.04.2022_B1,Dileshi,
267,E57,LM0200,,E57aAFT,,,,0,Found,Found,,,,,Available,Box_2_Row_1,,,
268,E57,LM0200,,E57aGNQ,,,,1,Found,Found,,,,,Available,Box_2_Row_1,,,
269,E57,LM0200,,E57aCGY,,,,2,Found,Unknown,,,,,Available,Box_2_Row_1,,,
270,E57,LM0200,,E57aILZ,,,,3,Found,Unknown,,,,,Available,Box_2_Row_1,,,
271,E57,LM0200,,E57aCQV,,,,4,Found,Found,,,,,Available,Box_2_Row_1,,,
272,E57,LM0200,,E57aETW,,,,5,Empty,Found,,,,,Available,Box_2_Row_1,,,
273,E57,LM0200,,E57aLMV,,,,6,Unknown,Found,,,,,Available,Box_2_Row_1,,,
274,E57,LM0200,,E57aCIV,,,,7,Empty,Unknown,,,,,,Box_2_Row_1,,,
275,E57,LM0200,,E57aIKW,,,,8,Empty,Found,,,,,,Box_2_Row_1,,,
276,E57,LM0200,,E57aDHM,,,,9,Empty,Found,,,,,,Box_2_Row_1,,,
277,E57,LM0200,,E57aBDN,,,,10,Empty,Found,,,,,,Box_2_Row_1,,,
278,E57,LM0200,,E57aCFH,,,,11,Empty,Found,,,,,,Box_2_Row_1,,,
279,E57,LM0201,,E57aBUX,,,,0,Found,Found,,,,,Available,Box_1_Row_5,,,
280,E57,LM0201,,E57aTVX,,,,1,Found,Found,,,,,Available,Box_1_Row_5,,,
281,E57,LM0201,,E57aAIO,,,,2,Found,Unknown,,,,,Available,Box_1_Row_5,,,
282,E57,LM0201,,E57aGUV,,,,3,Found,Unknown,,,,,Available,Box_1_Row_5,,,
283,E57,LM0201,,E57aAUY,,,,4,Found,Found,,,,,,Box_1_Row_5,,,
284,E57,LM0201,,E57aAOZ,,,,5,Found,Found,,,,,,Box_1_Row_5,,,
285,E57,LM0201,,E57aBES,,,,6,Found,Found,0.0695,with_beads,with_beads,,,Box_1_Row_5,11.03.2022_B2,Dileshi,
286,E57,LM0201,,E57aCTW,,,,7,Empty,Unknown,,,,,,Box_1_Row_5,,,
287,E57,LM0201,,E57aDPR,,,,8,Empty,Unknown,,,,,,Box_1_Row_5,,,
288,E57,LM0201,,E57aEPT,,,,9,Unknown,Found,,,,,Available,Box_1_Row_5,,,
289,E57,LM0201,,E57aESZ,,,,10,Empty,Found,,,,,Available,Box_1_Row_5,,,
290,E57,LM0201,,E57aAGK,,,,11,Found,Found,,,,,Available,Box_1_Row_5,,,
291,E57,LM0202,,E57aGPW,,,,0,Found,Found,,,,,,Box_1_Row_4,,,
292,E57,LM0202,,E57aCJK,,,,1,Found,Found,,,,,,Box_1_Row_4,,,
293,E57,LM0202,,E57aAPX,,,,2,Found,Unknown,,,,,,Box_1_Row_4,,,
294,E57,LM0202,,E57aGJT,,,,3,Found,Found,,,,,Available,Box_1_Row_4,,,
295,E57,LM0202,,E57aDEN,,,,4,Empty,Found,,,,,Available,Box_1_Row_4,,,
296,E57,LM0202,,E57aDFG,,,,5,Found,Found,,,,,Available,Box_1_Row_4,,,
297,E57,LM0202,,E57aBIK,,,,6,Found,Found,0.0101,with_beads,with_beads,,,Box_1_Row_4,21.03.2022,Alexa,
298,E57,LM0202,,E57aCQU,,,,7,Empty,Unknown,,,,,,Box_1_Row_4,,,
299,E57,LM0202,,E57aBEO,Diarrhea,,,8,Empty,Unknown,,,,,,Box_1_Row_4,,,
300,E57,LM0202,,E57aCMU,,,,9,Found,Found,0.0129,with_beads,with_beads,,,Box_1_Row_4,18.03.2022,Alexa,
301,E57,LM0202,,E57aDMQ,,,,10,Found,Found,,,,,,Box_1_Row_4,,,
302,E57,LM0202,,E57aHJY,,,,11,Found,Found,,,,,,Box_1_Row_4,,,
303,E57,LM0203,,E57aCMO,,,,0,Found,Found,,,,,,Box_1_Row_3,,,
304,E57,LM0203,,E57aGOP,,,,1,Unknown,Found,,,,,,Box_1_Row_3,,,
305,E57,LM0203,,E57aILR,,,,2,Empty,Unknown,,,,,,Box_1_Row_3,,,
306,E57,LM0203,,E57aQRV,,,,3,Found,Unknown,,,,,,Box_1_Row_3,,,
307,E57,LM0203,,E57aEGO,,,,4,Found,Found,,,,,,Box_1_Row_3,,,
308,E57,LM0203,,E57aHTU,,,,5,Found,Found,,,,,,Box_1_Row_3,,,
309,E57,LM0203,,E57aCPT,,,,6,Found,Found,0.0884,with_beads,with_beads,,,Box_1_Row_3,11.03.2022_B2,Dileshi,
310,E57,LM0203,,E57aCHO,,,,7,Found,Unknown,0.0808,with_beads,with_beads,,,Box_1_Row_3,11.03.2022_B1,Dileshi,
311,E57,LM0203,,E57aBCO,,,,8,Empty,Unknown,,,,,,Box_1_Row_3,,,
312,E57,LM0203,,E57aLQR,,,,9,Empty,Found,,,,,,Box_1_Row_3,,,
313,E57,LM0203,,E57aLTY,,,,10,Empty,Found,,,,,,Box_1_Row_3,,,
314,E57,LM0203,,E57aGJX,,,,11,Found,Found,,,,,,Box_1_Row_3,,,
315,E57,LM0227,,E57aFGW,,,,0,Found,Found,,,,,,Box_1&5_Row_2&5,,,
316,E57,LM0227,,E57aJMP,,,,1,Found,Found,0.1047,no_beads,no_beads,4_minute_longer_fridge_incubation,,Box_1&5_Row_2&5,09.03.2022_B1,Dileshi,
317,E57,LM0227,,E57aILO,,,,2,Found,Found,,,,,,Box_1&5_Row_2&5,,,
318,E57,LM0227,,E57aACU,,,,3,Found,Found,0.1250,with_beads,with_beads,,,Box_1&5_Row_2&5,24.03.2022,Alexa,
319,E57,LM0227,,E57aPTU,,,,4,Found,Found,0.1034,with_beads,with_beads,,,Box_1&5_Row_2&5,24.03.2022,Alexa,
320,E57,LM0227,,E57aNXY,,,,5,Found,Found,,,,,,Box_1&5_Row_2&5,,,
321,E57,LM0227,,E57aBEH,,,,6,Unknown,Found,,,,,,Box_1&5_Row_2&5,,,
322,E57,LM0227,,E57aFKN,,,,7,Unknown,Found,,,,,,Box_1&5_Row_2&5,,,
323,E57,LM0227,,E57aKQR,,,,8,Unknown,Unknown,,,,,,Box_1&5_Row_2&5,,,
324,E57,LM0227,,E57aBIR,,,,9,Unknown,Found,,,,,,Box_1&5_Row_2&5,,,
325,E57,LM0227,,E57aGPR,,,,10,Unknown,Found,,,,,,Box_1&5_Row_2&5,,,
326,E57,LM0227,,E57aKMO,,,,11,Unknown,Found,,,,,,Box_1&5_Row_2&5,,,
327,E57,LM0228,XX,E57aFRW,,,,0,Empty,Found,0.0566,with_beads,with_beads,,,Box_6_Row_1,16.04.2022_B1,Dileshi,
328,E57,LM0228,XX,E57aMWY,,,,1,Found,Found,0.0452,with_beads,with_beads,,,Box_6_Row_1,10.03.2022_B1,Dileshi,
329,E57,LM0228,XX,E57aMWY2,,,Yes,1,Found,Found,0.0855,with_beads,with_beads,,,,16.04.2022_B1,Dileshi,
330,E57,LM0228,XX,E57aCKN,,,,2,Found,Found,0.707,with_beads,with_beads,,,Box_6_Row_1,16.04.2022_B1,Dileshi,
331,E57,LM0228,XX,E57aISW,,,,3,Found,Found,0.1172,with_beads,with_beads,,,Box_6_Row_1,24.03.2022,Alexa,
332,E57,LM0228,XX,E57aBMX,,,,4,Found,Found,0.0912,with_beads,with_beads,,,Box_6_Row_1,16.04.2022_B1,Dileshi,
333,E57,LM0228,XX,E57aCEH,,,,5,Unknown,Found,0.0751,with_beads,with_beads,,,Box_6_Row_1,16.04.2022_B1,Dileshi,
334,E57,LM0228,XX,E57aEIY,,,,6,Found,Found,0.0826,with_beads,with_beads,,,Box_6_Row_1,16.04.2022_B1,Dileshi,
335,E57,LM0228,XX,E57aFIY,,,,7,Unknown,Found,0.0560,with_beads,with_beads,,,Box_6_Row_1,16.04.2022_B1,Dileshi,
336,E57,LM0228,XX,E57aATY,,,,8,Unknown,Unknown,,,,,,Box_6_Row_1,,,
337,E57,LM0228,XX,E57aIQU,,,,9,Unknown,Found,0.0665,with_beads,with_beads,,,Box_6_Row_1,16.04.2022_B1,Dileshi,
338,E57,LM0228,XX,E57aANO,,,,10,Unknown,Found,0.0614,with_beads,with_beads,,,Box_6_Row_1,16.04.2022_B1,Dileshi,
339,E57,LM0228,XX,E57aAIN,,,,11,Unknown,Found,0.1199,with_beads,with_beads,,,Box_6_Row_1,16.04.2022_B1,Dileshi,
340,E57,LM0229,XX,E57aIJQ,,,,0,Found,Found,0.0641,with_beads,with_beads,,,Box_6_Row_2,16.04.2022_B2,Dileshi,
341,E57,LM0229,XX,E57aIJQ2,,,Yes,0,Found,Found,0.0623,with_beads,with_beads,,,,23.04.2022_B2,Dileshi,
342,E57,LM0229,XX,E57aEKT,,,,1,Found,Found,0.0428,with_beads,with_beads,,,Box_6_Row_2,10.03.2022_B1,Dileshi,
343,E57,LM0229,XX,E57aHQZ,,,,2,Empty,Found,0.0686,with_beads,with_beads,,,Box_6_Row_2,16.04.2022_B2,Dileshi,
344,E57,LM0229,XX,E57aHMU,,,,3,Found,Found,0.0982,with_beads,with_beads,,,Box_6_Row_2,16.04.2022_B2,Dileshi,
345,E57,LM0229,XX,E57aHKV,,,,4,Found,Found,0.0840,with_beads,with_beads,,,Box_6_Row_2,16.04.2022_B2,Dileshi,
346,E57,LM0229,XX,E57aMNT,,,,5,Found,Found,0.1062,with_beads,with_beads,,Available,Box_6_Row_2,16.04.2022_B2,Dileshi,
347,E57,LM0229,XX,E57aKOU,,,,6,Unknown,Found,0.0569,with_beads,with_beads,,,Box_6_Row_2,16.04.2022_B2,Dileshi,
348,E57,LM0229,XX,E57aHIO,,,,7,Unknown,Found,0.0373,with_beads,with_beads,,,Box_6_Row_2,16.04.2022_B2,Dileshi,
349,E57,LM0229,XX,E57aBHK,,,,8,Unknown,Unknown,,,,,Available,Box_6_Row_2,,,
350,E57,LM0229,XX,E57aLRZ,,,,9,Unknown,Found,0.0608,with_beads,with_beads,,,Box_6_Row_2,16.04.2022_B2,Dileshi,
351,E57,LM0229,XX,E57aORU,,,,10,Unknown,Found,0.0773,with_beads,with_beads,,,Box_6_Row_2,16.04.2022_B2,Dileshi,
352,E57,LM0229,XX,E57aHJK,,,,11,Unknown,Found,0.0573,with_beads,with_beads,,,Box_6_Row_2,16.04.2022_B2,Dileshi,
353,E57,LM0230,,E57aERW,,,,0,Empty,Found,,,,,,Box_6_Row_3,,,
354,E57,LM0230,,E57aDWX,,,,1,Found,Found,,,,,,Box_6_Row_3,,,
355,E57,LM0230,,E57aEWY,,,,2,Unknown,Found,,,,,,Box_6_Row_3,,,
356,E57,LM0230,,E57aWYZ,,,,3,Found,Found,,,,,,Box_6_Row_3,,,
357,E57,LM0230,,E57aHPX,,,,4,Found,Found,,,,,Available,Box_6_Row_3,,,
358,E57,LM0230,,E57aFJN,,,,5,Unknown,Found,,,,,,Box_6_Row_3,,,
359,E57,LM0230,,E57aGJS,,,,6,Unknown,Found,,,,,Available,Box_6_Row_3,,,
360,E57,LM0230,,E57aJTV,,,,7,Unknown,Found,,,,,Available,Box_6_Row_3,,,
361,E57,LM0230,,E57aSUV,,Sacrificed,,8,Unknown,Unknown,,,,,,Box_6_Row_3,,,
362,E57,LM0230,,E57aFMP,Unavailable,Sacrificed,,9,Unknown,Empty,,,,,,Box_6_Row_3,,,
363,E57,LM0230,,E57aCKO,Unavailable,Sacrificed,,10,Unknown,Unknown,,,,,Available,Box_6_Row_3,,,
364,E57,LM0230,,E57aSUY,Unavailable,Sacrificed,,11,Unknown,Unknown,,,,,,Box_6_Row_3,,,
365,E57,LM0231,,E57aAFW,,,,0,Found,Found,,,,,,Box_6_Row_4,,,
366,E57,LM0231,,E57aDRV,,,,1,Found,Found,0.1182,no_beads,no_beads,,,Box_6_Row_4,09.03.2022,Alexa,
367,E57,LM0231,,E57aDKZ,,,,2,Found,Found,0.0523,with_beads,with_beads,,,Box_6_Row_4,05.04.2022_B1,Dileshi,
368,E57,LM0231,,E57aLQX,,,,3,Found,Found,0.1072,with_beads,with_beads,,,Box_6_Row_4,23.03.2022,Alexa,
369,E57,LM0231,,E57aSXZ,,,,4,Empty,Found,,,,,Available,Box_6_Row_4,,,
370,E57,LM0231,,E57aBUY,,,,5,Unknown,Found,,,,,Available,Box_6_Row_4,,,
371,E57,LM0231,,E57aFMT,,,,6,Unknown,Found,,,,,Available,Box_6_Row_4,,,
372,E57,LM0231,,E57aBGQ,,,,7,Unknown,Found,,,,,Available,Box_6_Row_4,,,
373,E57,LM0231,,E57aNSW,,,,8,Unknown,Unknown,,,,,,Box_6_Row_4,,,
374,E57,LM0231,,E57aIWY,,,,9,Unknown,Found,,,,,Available,Box_6_Row_4,,,
375,E57,LM0231,,E57aAOR,,,,10,Unknown,Found,,,,,Available,Box_6_Row_4,,,
376,E57,LM0231,,E57aFLR,,,,11,Unknown,Found,,,,,,Box_6_Row_4,,,
377,E57,LM0232,,E57aBGK,,,,0,Found,Found,,,,,,Box_6_Row_5,,,
378,E57,LM0232,,E57aCQX,,,,1,Found,Found,0.0713,no_beads,no_beads,4_minute_longer_fridge_incubation,,Box_6_Row_5,09.03.2022_B1,Dileshi,
379,E57,LM0232,,E57aHNQ,,,,2,Found,Found,,,,,,Box_6_Row_5,,,
380,E57,LM0232,,E57aCSY,,,,3,Found,Found,,,,,,Box_6_Row_5,,,
381,E57,LM0232,,E57aANW,,,,4,Found,Found,,,,,,Box_6_Row_5,,,
382,E57,LM0232,,E57aEMO,,,,5,Found,Found,,,,,Available,Box_6_Row_5,,,
383,E57,LM0232,,E57aEGZ,,,,6,Unknown,Found,,,,,Available,Box_6_Row_5,,,
384,E57,LM0232,,E57aHKN,,,,7,Unknown,Found,,,,,,Box_6_Row_5,,,
385,E57,LM0232,,E57aBDG,,,,8,Unknown,Unknown,,,,,,Box_6_Row_5,,,
386,E57,LM0232,,E57aNOT,,,,9,Unknown,Found,,,,,,Box_6_Row_5,,,
387,E57,LM0232,,E57aKRU,,,,10,Unknown,Found,,,,,,Box_6_Row_5,,,
388,E57,LM0232,,E57aBDY,,,,11,Unknown,Found,,,,,,Box_6_Row_5,,,
389,E57,LM0233,,E57aAJW,,,,0,Found,Found,,,,,,Box_7_Row_1,,,
390,E57,LM0233,,E57aBCL,,,,1,Unknown,Found,,,,,,Box_7_Row_1,,,
391,E57,LM0233,,E57aMQV,,,,2,Unknown,Found,,,,,,Box_7_Row_1,,,
392,E57,LM0233,,E57aCMZ,,,,3,Found,Found,,,,,,Box_7_Row_1,,,
393,E57,LM0233,,E57aOPV,,,,4,Found,Found,0.0540,with_beads,with_beads,,,Box_7_Row_1,24.03.2022,Alexa,
394,E57,LM0233,,E57aHKX,,,,5,Unknown,Found,,,,,,Box_7_Row_1,,,
395,E57,LM0233,,E57aDVW,,,,6,Unknown,Found,,,,,,Box_7_Row_1,,,
396,E57,LM0233,,E57aCOR,,,,7,Unknown,Found,,,,,Available,Box_7_Row_1,,,
397,E57,LM0233,,E57aNSY,,,,8,Unknown,Unknown,,,,,Available,Box_7_Row_1,,,
398,E57,LM0233,,E57aNPY,,,,9,Unknown,Found,,,,,,Box_7_Row_1,,,
399,E57,LM0233,,E57aOTX,,,,10,Unknown,Found,,,,,,Box_7_Row_1,,,
400,E57,LM0233,,E57aDHI,,,,11,Unknown,Found,,,,,,Box_7_Row_1,,,
401,E57,LM0234,,E57aDMN,,,,0,Found,Unknown,,,,,,Box_7_Row_2,,,
402,E57,LM0234,,E57aOQR,,,,1,Unknown,Found,,,,,,Box_7_Row_2,,,
403,E57,LM0234,,E57aBIX,,,,2,Found,Found,,,,,,Box_7_Row_2,,,
404,E57,LM0234,,E57aQRS,,,,3,Found,Found,0.0711,with_beads,with_beads,,,Box_7_Row_2,23.03.2022,Alexa,
405,E57,LM0234,,E57aNUV,,,,4,Found,Found,,,,,,Box_7_Row_2,,,
406,E57,LM0234,,E57aFJY,,,,5,Found,Found,,,,,,Box_7_Row_2,,,
407,E57,LM0234,,E57aLNY,,,,6,Unknown,Found,,,,,,Box_7_Row_2,,,
408,E57,LM0234,,E57aBIS,,,,7,Unknown,Found,,,,,,Box_7_Row_2,,,
409,E57,LM0234,,E57aEQW,,,,8,Unknown,Unknown,,,,,Available,Box_7_Row_2,,,
410,E57,LM0234,,E57aHLX,,,,9,Unknown,Found,,,,,,Box_7_Row_2,,,
411,E57,LM0234,,E57aCNW,,,,10,Unknown,Found,,,,,,Box_7_Row_2,,,
412,E57,LM0234,,E57aDNO,,,,11,Unknown,Found,,,,,,Box_7_Row_2,,,
413,E57,LM0235,,E57aMOY,,,,0,Found,Found,,,,,,Box_7_Row_4,,,
414,E57,LM0235,,E57aJVX,,,,1,Found,Found,0.1006,no_beads,no_beads,,,Box_7_Row_4,07.03.2022_B1,Fay_Alexa_Dileshi,
415,E57,LM0235,,E57aMOW,,,,2,Found,Found,,,,,,Box_7_Row_4,,,
416,E57,LM0235,,E57aEIM,,,,3,Found,Unknown,0.1153,with_beads,with_beads,,,Box_7_Row_4,24.03.2022,Alexa,
417,E57,LM0235,,E57aFHL,,,,4,Found,Found,,,,,,Box_7_Row_4,,,
418,E57,LM0235,,E57aAGI,,,,5,Found,Found,,,,,,Box_7_Row_4,,,
419,E57,LM0235,,E57aEMZ,,,,6,Unknown,Found,,,,,,Box_7_Row_4,,,
420,E57,LM0235,,E57aAJU,,,,7,Unknown,Found,,,,,,Box_7_Row_4,,,
421,E57,LM0235,,E57aDQZ,,,,8,Unknown,Unknown,,,,,,Box_7_Row_4,,,
422,E57,LM0235,,E57aBFG,,,,9,Unknown,Unknown,,,,,,Box_7_Row_4,,,
423,E57,LM0235,,E57aFJX,,,,10,Unknown,Found,,,,,,Box_7_Row_4,,,
424,E57,LM0235,,E57aGMV,,,,11,Unknown,Found,,,,,,Box_7_Row_4,,,
425,E57,LM0236,,E57aANT,,,,0,Found,Found,,,,,,Box_7_Row_3,,,
426,E57,LM0236,,E57aRVW,,,,1,Unknown,Found,,,,,,Box_7_Row_3,,,
427,E57,LM0236,,E57aLOY,,,,2,Unknown,Found,,,,,,Box_7_Row_3,,,
428,E57,LM0236,,E57aDHR,,,,3,Empty,Found,,,,,,Box_7_Row_3,,,
429,E57,LM0236,,E57aAOX,,,,4,Found,Found,0.0510,with_beads,with_beads,,,Box_7_Row_3,10.03.2022_B1,Dileshi,
430,E57,LM0236,,E57aGOT,,,,5,Unknown,Found,,,,,,Box_7_Row_3,,,
431,E57,LM0236,,E57aKNZ,,,,6,Unknown,Unknown,,,,,,Box_7_Row_3,,,
432,E57,LM0236,,E57aDOP,,,,7,Unknown,Found,,,,,Available,Box_7_Row_3,,,
433,E57,LM0236,,E57aJTW,,,,8,Unknown,Unknown,,,,,,Box_7_Row_3,,,
434,E57,LM0236,,E57aGPS,,,,9,Unknown,Found,,,,,,Box_7_Row_3,,,
435,E57,LM0236,,E57aDKN,,,,10,Unknown,Found,,,,,,Box_7_Row_3,,,
436,E57,LM0236,,E57aBKL,,,,11,Unknown,Found,,,,,,Box_7_Row_3,,,
437,E57,LM0237,,E57aBJN,,,,0,Found,Found,,,,,,Box_7_Row_5,,,
438,E57,LM0237,,E57aDSX,,,,1,Found,Found,0.0430,no_beads,no_beads,4_minute_longer_fridge_incubation,,Box_7_Row_5,09.03.2022_B1,Dileshi,
439,E57,LM0237,,E57aGSZ,,,,2,Found,Found,0.0056,with_beads,with_beads,,,Box_7_Row_5,07.04.2022_B1,Dileshi,
440,E57,LM0237,,E57aHMY,,,,3,Found,Found,,,,,,Box_7_Row_5,,,
441,E57,LM0237,,E57aFLZ,,,,4,Found,Found,,,,,,Box_7_Row_5,,,
442,E57,LM0237,,E57aEHK,,,,5,Found,Found,,,,,,Box_7_Row_5,,,
443,E57,LM0237,,E57aBFL,,,,6,Unknown,Found,,,,,,Box_7_Row_5,,,
444,E57,LM0237,,E57aCKV,,,,7,Unknown,Found,,,,,Available,Box_7_Row_5,,,
445,E57,LM0237,,E57aGMS,,,,8,Unknown,Unknown,,,,,,Box_7_Row_5,,,
446,E57,LM0237,,E57aLOT,,,,9,Unknown,Unknown,,,,,,Box_7_Row_5,,,
447,E57,LM0237,,E57aCJT,,,,10,Unknown,Unknown,,,,,,Box_7_Row_5,,,
448,E57,LM0237,,E57aDKQ,,,,11,Unknown,Unknown,,,,,,Box_7_Row_5,,,
449,E57,LM0238,,E57aEUW,,,,0,Found,Found,0.0737,with_beads,with_beads,,,Box_8_Row_1,14.04.2022_B1,Dileshi,
450,E57,LM0238,,E57aFQV,,,,1,Unknown,Found,0.0896,with_beads,with_beads,,,Box_8_Row_1,14.04.2022_B1,Dileshi,
451,E57,LM0238,,E57aDXY,,,,2,Found,Found,0.0752,with_beads,with_beads,,,Box_8_Row_1,24.03.2022,Alexa,
452,E57,LM0238,,E57aDIS,,,,3,Found,Found,0.1021,with_beads,with_beads,,,Box_8_Row_1,23.03.2022,Alexa,
453,E57,LM0238,,E57aETZ,,,,4,Found,Found,0.0507,with_beads,with_beads,,,Box_8_Row_1,23.04.2022_B1,Dileshi,
454,E57,LM0238,,E57aENR,,,,5,Unknown,Found,0.0609,with_beads,with_beads,,,Box_8_Row_1,23.04.2022_B1,Dileshi,
455,E57,LM0238,,E57aIOY,,,,6,Unknown,Found,0.0805,with_beads,with_beads,,,Box_8_Row_1,14.04.2022_B1,Dileshi,
456,E57,LM0238,,E57aCJQ,,,,7,Unknown,Found,0.0224,with_beads,with_beads,,,Box_8_Row_1,14.04.2022_B1,Dileshi,
457,E57,LM0238,,E57aNQW,,,,8,Unknown,Unknown,,,,,,Box_8_Row_1,,,
458,E57,LM0238,,E57aHOU,,,,9,Unknown,Unknown,,,,,,Box_8_Row_1,,,
459,E57,LM0238,,E57aIOX,,,,10,Unknown,Found,0.0341,with_beads,with_beads,,,Box_8_Row_1,14.04.2022_B1,Dileshi,
460,E57,LM0238,,E57aDMT,,,,11,Unknown,Found,0.0628,with_beads,with_beads,,,Box_8_Row_1,14.04.2022_B1,Dileshi,
461,E57,LM0239,XX,E57aTXZ,,,,0,Found,Found,0.0736,with_beads,with_beads,,,Box_8_Row_2,07.04.2022_B1,Dileshi,
462,E57,LM0239,XX,E57aDEK,,,,1,Found,Found,0.0662,no_beads,no_beads,4_minute_longer_fridge_incubation,,Box_8_Row_2,09.03.2022_B1,Dileshi,
463,E57,LM0239,XX,E57aDEK2,,,Yes,1,Found,Found,0.1330,with_beads,with_beads,,,,14.04.2022_B1,Dileshi,
464,E57,LM0239,XX,E57aGRV,,,,2,Found,Found,0.0952,with_beads,with_beads,,,Box_8_Row_2,14.04.2022_B2,Dileshi,
465,E57,LM0239,XX,E57aHTZ,,,,3,Found,Found,0.1138,with_beads,with_beads,,,Box_8_Row_2,23.03.2022,Alexa,
466,E57,LM0239,XX,E57aAEQ,,,,4,Found,Found,0.1195,with_beads,with_beads,,,Box_8_Row_2,24.03.2022,Alexa,
467,E57,LM0239,XX,E57aLRX,,,,5,Found,Found,0.0599,with_beads,with_beads,,,Box_8_Row_2,23.04.2022_B1,Dileshi,
468,E57,LM0239,XX,E57aQVY,,,,6,Unknown,Found,0.0525,with_beads,with_beads,,Available,Box_8_Row_2,14.04.2022_B2,Dileshi,
469,E57,LM0239,XX,E57aGNZ,,,,7,Unknown,Found,0.0909,with_beads,with_beads,lost_50%_supernatant_step_12_round_2,,Box_8_Row_2,14.04.2022_B1,Dileshi,
470,E57,LM0239,XX,E57aMPT,,,,8,Unknown,Unknown,,,,,,Box_8_Row_2,,,
471,E57,LM0239,XX,E57aCFW,,,,9,Unknown,Found,0.0620,with_beads,with_beads,,,Box_8_Row_2,14.04.2022_B1,Dileshi,
472,E57,LM0239,XX,E57aAJT,,,,10,Unknown,Found,0.0647,with_beads,with_beads,,,Box_8_Row_2,14.04.2022_B1,Dileshi,
473,E57,LM0239,XX,E57aIJS,,,,11,Unknown,Found,0.0564,with_beads,with_beads,,,Box_8_Row_2,23.04.2022_B1,Dileshi,
474,E57,LM0240,XX,E57aCSX,,,,0,Found,Found,0.0901,with_beads,with_beads,,,Box_8_Row_3,14.04.2022_B2,Dileshi,
475,E57,LM0240,XX,E57aFLQ,,,,1,Found,Found,0.0847,no_beads,no_beads,75µl_SX_instead_of_32.5µl_+_no_vortex_at_step_22,,Box_8_Row_3,07.03.2022_B2,Dileshi,
476,E57,LM0240,XX,E57aRWY,,,,2,Found,Found,0.0767,with_beads,with_beads,,,Box_8_Row_3,14.04.2022_B2,Dileshi,
477,E57,LM0240,XX,E57aRWY2,,,Yes,2,Found,Found,0.0465,with_beads,with_beads,,,,23.04.2022_B2,Dileshi,
478,E57,LM0240,XX,E57aALU,,,,3,Found,Found,0.0787,with_beads,with_beads,,,Box_8_Row_3,23.03.2022,Alexa,
479,E57,LM0240,XX,E57aUWY,,,,4,Found,Found,0.0776,with_beads,with_beads,,,Box_8_Row_3,14.04.2022_B2,Dileshi,
480,E57,LM0240,XX,E57aHJR,,,,5,Found,Found,0.0540,with_beads,with_beads,,Available,Box_8_Row_3,23.04.2022_B1,Dileshi,
481,E57,LM0240,XX,E57aCKZ,,,,6,Unknown,Found,0.1074,with_beads,with_beads,,,Box_8_Row_3,14.04.2022_B2,Dileshi,
482,E57,LM0240,XX,E57aKMX,,,,7,Unknown,Found,0.576,with_beads,with_beads,,,Box_8_Row_3,14.04.2022_B2,Dileshi,
483,E57,LM0240,XX,E57aAGU,,,,8,Unknown,Unknown,,,,,,Box_8_Row_3,,,
484,E57,LM0240,XX,E57aHJT,,,,9,Unknown,Found,0.1391,with_beads,with_beads,,Available,Box_8_Row_3,14.04.2022_B2,Dileshi,
485,E57,LM0240,XX,E57aENX,,,,10,Unknown,Found,0.0897,with_beads,with_beads,,Available,Box_8_Row_3,14.04.2022_B2,Dileshi,
486,E57,LM0240,XX,E57aABL,,,,11,Unknown,Found,0.103,with_beads,with_beads,,,Box_8_Row_3,14.04.2022_B2,Dileshi,
487,E57,LM0241,,E57aIVW,,,,0,Found,Found,,,,,,Box_8_Row_4,,,
488,E57,LM0241,,E57aHOS,,,,1,Unknown,Found,,,,,,Box_8_Row_4,,,
489,E57,LM0241,,E57aCHP,,,,2,Found,Found,,,,,,Box_8_Row_4,,,
490,E57,LM0241,,E57aHJZ,,,,3,Found,Found,0.0363,with_beads,with_beads,,,Box_8_Row_4,24.03.2022,Alexa,
491,E57,LM0241,,E57aPRS,,,,4,Found,Found,0.1027,with_beads,with_beads,,Available,Box_8_Row_4,24.03.2022,Alexa,
492,E57,LM0241,,E57aDFX,,,,5,Unknown,Found,,,,,Available,Box_8_Row_4,,,
493,E57,LM0241,,E57aEOZ,,,,6,Unknown,Found,,,,,Available,Box_8_Row_4,,,
494,E57,LM0241,,E57aADE,,,,7,Unknown,Found,,,,,,Box_8_Row_4,,,
495,E57,LM0241,,E57aIUZ,,,,8,Unknown,Unknown,,,,,Available,Box_8_Row_4,,,
496,E57,LM0241,,E57aADF,,,,9,Unknown,Unknown,,,,,Available,Box_8_Row_4,,,
497,E57,LM0241,,E57aJNU,,,,10,Unknown,Unknown,,,,,,Box_8_Row_4,,,
498,E57,LM0241,,E57aDHW,,,,11,Unknown,Unknown,,,,,Available,Box_8_Row_4,,,
499,E57,LM0242,,E57aSUZ,,,,0,Found,Found,0.0814,with_beads,with_beads,,Available,Box_8_Row_5,07.04.2022_B1,Dileshi,
500,E57,LM0242,,E57aIMY,,,,1,Found,Found,0.1001,with_beads,with_beads,,,Box_8_Row_5,10.03.2022_B1,Dileshi,
501,E57,LM0242,,E57aCGR,,,,2,Found,Found,,,,,,Box_8_Row_5,,,
502,E57,LM0242,,E57aGJY,,,,3,Found,Unknown,,,,,,Box_8_Row_5,,,
503,E57,LM0242,,E57aMOX,,,,4,Found,Found,,,,,,Box_8_Row_5,,,
504,E57,LM0242,,E57aOQV,,,,5,Found,Found,,,,,,Box_8_Row_5,,,
505,E57,LM0242,,E57aKTX,,,,6,Unknown,Found,,,,,,Box_8_Row_5,,,
506,E57,LM0242,,E57aAKX,,,,7,Unknown,Found,,,,,Available,Box_8_Row_5,,,
507,E57,LM0242,,E57aIMS,,,,8,Unknown,Unknown,,,,,Available,Box_8_Row_5,,,
508,E57,LM0242,,E57aALN,,,,9,Unknown,Found,,,,,,Box_8_Row_5,,,
509,E57,LM0242,,E57aJLO,,Died,,10,Unknown,Found,,,,,Available,Box_8_Row_5,,,
510,E57,LM0242,,E57aAHM,,Died,,11,Unknown,Unknown,,,,,,Box_8_Row_5,,,
511,E57,LM0243,,E57aILY,,,,0,Found,Found,,,,,,Box_1_Row_1,,,
512,E57,LM0243,,E57aRSZ,,,,1,Unknown,Found,ALEXA,no_beads,no_beads,,Available,Box_1_Row_1,04.03.2022,Alexa_Fay,
513,E57,LM0243,,E57aKTZ,,,,2,Unknown,Found,,,,,Available,Box_1_Row_1,,,
514,E57,LM0243,,E57aEMP,,,,3,Unknown,Found,,,,,Available,Box_1_Row_1,,,
515,E57,LM0243,,E57aJLT,,,,4,Found,Found,,,,,Available,Box_1_Row_1,,,
516,E57,LM0243,,E57aIPR,,,,5,Unknown,Found,,,,,,Box_1_Row_1,,,
517,E57,LM0243,,E57aMPY,,,,6,Unknown,Found,,,,,,Box_1_Row_1,,,
518,E57,LM0243,,E57aQUW,,,,7,Unknown,Found,,,,,Available,Box_1_Row_1,,,
519,E57,LM0243,,E57aABH,,Sacrificed,,8,Unknown,Unknown,,,,,Available,Box_1_Row_1,,,
520,E57,LM0243,,E57aHUZ,,Sacrificed,,9,Unknown,Unknown,,,,,,Box_1_Row_1,,,
521,E57,LM0243,,E57aDQW,,Sacrificed,,10,Unknown,Unknown,,,,,,Box_1_Row_1,,,
522,E57,LM0243,,E57aPUY,,Sacrificed,,11,Unknown,Unknown,,,,,,Box_1_Row_1,,,
523,E57,LM0244,,E57aJMQ,,,,0,Found,Found,0.0580,with_beads,with_beads,,,Box_11_Row_2,07.04.2022_B1,Dileshi,
524,E57,LM0244,,E57aALY,,,,1,Found,Found,0.0118,no_beads,no_beads,4_minute_longer_fridge_incubation,,Box_11_Row_2,09.03.2022_B1,Dileshi,
525,E57,LM0244,,E57aCRY,,,,2,Found,Found,0.0405,with_beads,with_beads,,,Box_11_Row_2,,,
526,E57,LM0244,,E57aBFI,,,,3,Found,Found,0.0691,with_beads,with_beads,,,Box_11_Row_2,23.03.2022,Alexa,
527,E57,LM0244,,E57aHJW,,,,4,Found,Found,0.0616,with_beads,with_beads,,,Box_11_Row_2,22.04.2022_B2,Dileshi,
528,E57,LM0244,,E57aMXZ,,,,5,Found,Found,0.0934,with_beads,with_beads,,,Box_11_Row_2,,,
529,E57,LM0244,,E57aVWY,,,,6,Unknown,Found,0.0929,with_beads,with_beads,,,Box_11_Row_2,,,
530,E57,LM0244,,E57aLNX,,,,7,Unknown,Found,,,,,,Box_11_Row_2,,,
531,E57,LM0244,,E57aJSU,,Eye_infection,,8,Unknown,Unknown,,,,,,Box_11_Row_2,,,
532,E57,LM0244,,E57aBGL,,,,9,Unknown,Empty,,,,,,Box_11_Row_2,,,
533,E57,LM0244,,E57aBFV,,,,10,Unknown,Unknown,,,,,Available,Box_11_Row_2,,,
534,E57,LM0244,,E57aBNO,,,,11,Unknown,Unknown,,,,,Available,Box_11_Row_2,,,
535,E57,LM0245,,E57aCFJ,,,,0,Found,Found,,,,,,Box_9_Row_1,,,
536,E57,LM0245,,E57aBRZ,,,,1,Found,Found,0.0638,no_beads,no_beads,,,Box_9_Row_1,07.03.2022_B1,Fay_Alexa_Dileshi,
537,E57,LM0245,,E57aNRV,,,,2,Found,Found,,,,,,Box_9_Row_1,,,
538,E57,LM0245,,E57aFTV,,,,3,Found,Found,,,,,,Box_9_Row_1,,,
539,E57,LM0245,,E57aARV,,,,4,Found,Found,0.0788,with_beads,with_beads,,,Box_9_Row_1,24.03.2022,Alexa,
540,E57,LM0245,,E57aHIK,,,,5,Found,Found,,,,,,Box_9_Row_1,,,
541,E57,LM0245,,E57aJOP,,,,6,Unknown,Found,,,,,,Box_9_Row_1,,,
542,E57,LM0245,,E57aOST,,,,7,Unknown,Found,,,,,,Box_9_Row_1,,,
543,E57,LM0245,,E57aDLX,,Sacrificed,,8,Unknown,Unknown,,,,,,Box_9_Row_1,,,
544,E57,LM0245,,E57aBOV,Unavailable,Sacrificed,,9,Unknown,Empty,,,,,,Box_9_Row_1,,,
545,E57,LM0245,,E57aAOT,Unavailable,Sacrificed,,10,Unknown,Unknown,,,,,,Box_9_Row_1,,,
546,E57,LM0245,,E57aBLT,Unavailable,Sacrificed,,11,Unknown,Unknown,,,,,,Box_9_Row_1,,,
547,E57,LM0246,XX,E57aAHJ,,,,0,Found,Found,0.0910,no_beads,with_beads,vortex_step_21_skipped,,Box_9_Row_3,15.04.2022_B1,Dileshi,
548,E57,LM0246,XX,E57aAKO,,,,1,Found,Found,0.0844,no_beads,with_beads,vortex_step_21_skipped,,Box_9_Row_3,15.04.2022_B1,Dileshi,
549,E57,LM0246,XX,E57aGHL,,,,2,Unknown,Found,0.0866,no_beads,with_beads,vortex_step_21_skipped,,Box_9_Row_3,15.04.2022_B1,Dileshi,
550,E57,LM0246,XX,E57aBLN,,,,3,Found,Found,0.0783,with_beads,with_beads,,,Box_9_Row_3,24.03.2022,Alexa,
551,E57,LM0246,XX,E57aRTV,,,,4,Found,Found,0.1434,no_beads,with_beads,vortex_step_21_skipped,,Box_9_Row_3,15.04.2022_B1,Dileshi,
552,E57,LM0246,XX,E57aIKZ,,,,5,Empty,Found,0.0542,no_beads,with_beads,,,Box_9_Row_3,15.04.2022_B1,Dileshi,
553,E57,LM0246,XX,E57aTUY,,,,6,Unknown,Found,0.0613,no_beads,with_beads,vortex_step_21_skipped,,Box_9_Row_3,15.04.2022_B1,Dileshi,
554,E57,LM0246,XX,E57aBOY,,,,7,Found,Empty,,,,,,Box_9_Row_3,,,
555,E57,LM0246,XX,E57aAMS,,,,8,Unknown,Unknown,,,,,,Box_9_Row_3,,,
556,E57,LM0246,XX,E57aACY,,,,9,Unknown,Found,0.0726,no_beads,with_beads,vortex_step_21_skipped,Available,Box_9_Row_3,15.04.2022_B1,Dileshi,
557,E57,LM0246,XX,E57aKUY,,,,10,Unknown,Found,0.0441,no_beads,with_beads,vortex_step_21_skipped,,Box_9_Row_3,15.04.2022_B1,Dileshi,
558,E57,LM0246,XX,E57aBGU,,,,11,Unknown,Found,0.0797,no_beads,with_beads,vortex_step_21_skipped,,Box_9_Row_3,15.04.2022_B1,Dileshi,
559,E57,LM0247,XX,E57aACP,,,,0,Found,Found,0.0762,with_beads,with_beads,,,Box_9_Row_4,15.04.2022_B2,Dileshi,
560,E57,LM0247,XX,E57aGLM,,,,1,Found,Found,0.0550,no_beads,no_beads,4_minute_longer_fridge_incubation,,Box_9_Row_4,09.03.2022_B1,Dileshi,
561,E57,LM0247,XX,E57aSUX,,,,2,Found,Found,0.0967,with_beads,with_beads,,,Box_9_Row_4,15.04.2022_B2,,
562,E57,LM0247,XX,E57aHLY,,,,3,Unknown,Found,0.0553,with_beads,with_beads,,,Box_9_Row_4,15.04.2022_B2,Dileshi,
563,E57,LM0247,XX,E57aKUX,,,,4,Empty,Found,0.0625,with_beads,with_beads,,,Box_9_Row_4,15.04.2022_B2,Dileshi,
564,E57,LM0247,XX,E57aHOY,,,,5,Unknown,Found,0.0757,with_beads,with_beads,,,Box_9_Row_4,15.04.2022_B2,Dileshi,
565,E57,LM0247,XX,E57aMNR,,,,6,Unknown,Found,0.0873,with_beads,with_beads,,,Box_9_Row_4,15.04.2022_B2,Dileshi,
566,E57,LM0247,XX,E57aAIK,,,,7,Unknown,Found,0.1158,with_beads,with_beads,,,Box_9_Row_4,15.04.2022_B2,Dileshi,
567,E57,LM0247,XX,E57aGQS,,,,8,Unknown,Unknown,,,,,,Box_9_Row_4,,,
568,E57,LM0247,XX,E57aCOW,,,,9,Unknown,Found,0.0762,no_beads,with_beads,vortex_step_21_skipped,Available,Box_9_Row_4,15.04.2022_B1,Dileshi,
569,E57,LM0247,XX,E57aOQY,,,,10,Unknown,Found,0.0663,with_beads,with_beads,,,Box_9_Row_4,15.04.2022_B2,Dileshi,
570,E57,LM0247,XX,E57aLRS,,,,11,Unknown,Found,0.0725,with_beads,with_beads,,,Box_9_Row_4,15.04.2022_B2,Dileshi,
571,E57,LM0248,,E57aJOT,,,,0,Found,Found,0.0437,with_beads,with_beads,,,Box_9_Row_5,,,
572,E57,LM0248,,E57aCMW,,,,1,Found,Found,0.1083,no_beads,no_beads,4_minute_longer_fridge_incubation,,Box_9_Row_5,09.03.2022_B1,Dileshi,
573,E57,LM0248,,E57aDQV,,,,2,Unknown,Found,0.0658,with_beads,with_beads,,,Box_9_Row_5,,,
574,E57,LM0248,,E57aAUZ,,,,3,Empty,Found,0.0547,with_beads,with_beads,,,Box_9_Row_5,,,
575,E57,LM0248,,E57aHJM,,,,4,Found,Found,0.0302,with_beads,with_beads,,,Box_9_Row_5,10.04.2022_B1,Dileshi,
576,E57,LM0248,,E57aDOU,,,,5,Unknown,Found,0.0426,with_beads,with_beads,,,Box_9_Row_5,,,
577,E57,LM0248,,E57aEFG,,,,6,Unknown,Found,0.0481,with_beads,with_beads,,,Box_9_Row_5,,,
578,E57,LM0248,,E57aJLX,,,,7,Unknown,Found,0.0595,with_beads,with_beads,,,Box_9_Row_5,,,
579,E57,LM0248,,E57aAIV,,,,8,Unknown,Unknown,,,,,,Box_9_Row_5,,,
580,E57,LM0248,,E57aDEW,,,,9,Unknown,Found,0.0977,with_beads,with_beads,lost_50%_supernatant_step_5,Available,Box_9_Row_5,15.04.2022_B2,Dileshi,
581,E57,LM0248,,E57aCJO,,,,10,Unknown,Found,0.0577,with_beads,with_beads,,Available,Box_9_Row_5,,,
582,E57,LM0248,,E57aAHV,,,,11,Unknown,Found,0.0454,with_beads,with_beads,,Available,Box_9_Row_5,,,
583,E57,LM0249,,E57aFGZ,,,,0,Found,Found,,,,,,Box_10_Row_1,,,
584,E57,LM0249,,E57aFVY,,,,1,Unknown,Found,,,,,Available,Box_10_Row_1,,,
585,E57,LM0249,,E57aART,,,,2,Empty,Found,,,,,,Box_10_Row_1,,,
586,E57,LM0249,,E57aKRZ,,,,3,Unknown,Found,,,,,Available,Box_10_Row_1,,,
587,E57,LM0249,,E57aAES,,,,4,Empty,Found,,,,,,Box_10_Row_1,,,
588,E57,LM0249,,E57aDOS,,,,5,Unknown,Found,,,,,,Box_10_Row_1,,,
589,E57,LM0249,,E57aHLW,,,,6,Unknown,Found,,,,,,Box_10_Row_1,,,
590,E57,LM0249,,E57aMRS,,,,7,Unknown,Found,,,,,,Box_10_Row_1,,,
591,E57,LM0249,,E57aSVX,,,,8,Unknown,Unknown,,,,,,Box_10_Row_1,,,
592,E57,LM0249,,E57aRSX,,,,9,Unknown,Found,,,,,,Box_10_Row_1,,,
593,E57,LM0249,,E57aMPW,,,,10,Unknown,Found,,,,,,Box_10_Row_1,,,
594,E57,LM0249,,E57aAIP,,,,11,Unknown,Found,,,,,,Box_10_Row_1,,,
595,E57,LM0250,,E57aCQW,,,,0,Found,Found,,,,,Available,Box_11_Row_3,,,
596,E57,LM0250,,E57aDUZ,,,,1,Found,Found,0.1007,no_beads,no_beads,4_minute_longer_fridge_incubation,,Box_11_Row_3,09.03.2022_B1,Dileshi,
597,E57,LM0250,,E57aDOQ,,,,2,Found,Found,,,,,,Box_11_Row_3,,,
598,E57,LM0250,,E57aPVY,,,,3,Found,Unknown,,,,,,Box_11_Row_3,,,
599,E57,LM0250,,E57aJOV,,,,4,Found,Found,0.0579,with_beads,with_beads,,Available,Box_11_Row_3,24.03.2022,Alexa,
600,E57,LM0250,,E57aDLM,,,,5,Found,Found,,,,,,Box_11_Row_3,,,
601,E57,LM0250,,E57aKOS,,,,6,Unknown,Found,,,,,,Box_11_Row_3,,,
602,E57,LM0250,,E57aAKN,,,,7,Found,Found,,,,,Available,Box_11_Row_3,,,
603,E57,LM0250,,E57aEKP,,Died,,8,Unknown,Unknown,,,,,Available,Box_11_Row_3,,,
604,E57,LM0250,,E57aCMV,Unavailable,Died,,9,Unknown,Unknown,,,,,,Box_11_Row_3,,,
605,E57,LM0250,,E57aGNV,Unavailable,Died,,10,Unknown,Unknown,,,,,Available,Box_11_Row_3,,,
606,E57,LM0250,,E57aGOY,Unavailable,Died,,11,Unknown,Unknown,,,,,,Box_11_Row_3,,,
607,E57,LM0251,,E57aBCK,,,,0,Found,Found,,,,,,Box_10&11_Row_2&5,,,
608,E57,LM0251,,E57aADK,,,,1,Found,Found,0.0848,no_beads,no_beads,,,Box_10&11_Row_2&5,07.03.2022_B1,Fay_Alexa_Dileshi,
609,E57,LM0251,,E57aCTX,,,,2,Found,Found,,,,,,Box_10&11_Row_2&5,,,
610,E57,LM0251,,E57aDIM,,,,3,Unknown,Unknown,,,,,,Box_10&11_Row_2&5,,,
611,E57,LM0251,,E57aBPR,,,,4,Found,Found,,,,,,Box_10&11_Row_2&5,,,
612,E57,LM0251,,E57aCJN,,,,5,Unknown,Found,,,,,,Box_10&11_Row_2&5,,,
613,E57,LM0251,,E57aADS,,,,6,Unknown,Found,,,,,Available,Box_10&11_Row_2&5,,,
614,E57,LM0251,,E57aBDH,,,,7,Unknown,Found,,,,,,Box_10&11_Row_2&5,,,
615,E57,LM0251,,E57aISU,,,,8,Unknown,Unknown,,,,,,Box_10&11_Row_2&5,,,
616,E57,LM0251,,E57aBQU,,,,9,Unknown,Found,,,,,,Box_10&11_Row_2&5,,,
617,E57,LM0251,,E57aBEX,,,,10,Unknown,Found,,,,,,Box_10&11_Row_2&5,,,
618,E57,LM0251,,E57aBMS,,,,11,Unknown,Found,,,,,,Box_10&11_Row_2&5,,,
619,E57,LM0252,,E57aLQW,,,,0,Empty,Found,,,,,,Box_11_Row_4,,,
620,E57,LM0252,,E57aOWX,,,,1,Found,Found,0.0215,no_beads,no_beads,4_minute_longer_fridge_incubation,,Box_11_Row_4,09.03.2022_B1,Dileshi,
621,E57,LM0252,,E57aGKN,,,,2,Found,Found,,,,,,Box_11_Row_4,,,
622,E57,LM0252,,E57aBHR,,,,3,Found,Unknown,0.0560,with_beads,with_beads,,,Box_11_Row_4,23.03.2022,Dileshi,
623,E57,LM0252,,E57aHPY,,,,4,Found,Found,0.0645,with_beads,with_beads,,,Box_11_Row_4,24.03.2022,Alexa,
624,E57,LM0252,,E57aHIR,,,,5,Found,Found,,,,,,Box_11_Row_4,,,
625,E57,LM0252,,E57aDQY,,,,6,Unknown,Found,,,,,,Box_11_Row_4,,,
626,E57,LM0252,,E57aMNY,,,,7,Found,Found,,,,,,Box_11_Row_4,,,
627,E57,LM0252,,E57aFHO,,Died,,8,Unknown,Unknown,,,,,,Box_11_Row_4,,,
628,E57,LM0252,,E57aGQW,Unavailable,Died,,9,Unknown,Unknown,,,,,,Box_11_Row_4,,,
629,E57,LM0252,,E57aCDX,Unavailable,Died,,10,Unknown,Unknown,,,,,Available,Box_11_Row_4,,,
630,E57,LM0252,,E57aCDQ,Unavailable,Died,,11,Unknown,Unknown,,,,,,Box_11_Row_4,,,
631,E57,LM0253,,E57aLMX,,,,0,Found,Found,,,,,,Box_11_Row_6,,,
632,E57,LM0253,,E57aDEJ,,,,1,Unknown,Found,,,,,,Box_11_Row_6,,,
633,E57,LM0253,,E57aISX,,,,2,Empty,Found,,,,,,Box_11_Row_6,,,
634,E57,LM0253,,E57aEUZ,,,,3,Found,Found,,,,,,Box_11_Row_6,,,
635,E57,LM0253,,E57aCIY,,,,4,Found,Found,,,,,,Box_11_Row_6,,,
636,E57,LM0253,,E57aINS,,,,5,Unknown,Found,,,,,,Box_11_Row_6,,,
637,E57,LM0253,,E57aKWZ,,,,6,Unknown,Found,,,,,,Box_11_Row_6,,,
638,E57,LM0253,,E57aBEW,,,,7,Unknown,Found,,,,,,Box_11_Row_6,,,
639,E57,LM0253,,E57aDKS,,,,8,Unknown,Unknown,,,,,,Box_11_Row_6,,,
640,E57,LM0253,,E57aDFZ,,,,9,Unknown,Unknown,,,,,,Box_11_Row_6,,,
641,E57,LM0253,,E57aNUW,,,,10,Unknown,Unknown,,,,,,Box_11_Row_6,,,
642,E57,LM0253,,E57aBFS,,,,11,Unknown,Unknown,,,,,,Box_11_Row_6,,,
643,E57,LM0254,XX,E57aACN,,,,0,Found,Found,0.0549,with_beads,with_beads,,,Box_10_Row_3,23.04.2022_B2,Dileshi,
644,E57,LM0254,XX,E57aATW,,,,1,Found,Found,0.1006,no_beads,no_beads,75µl_SX_instead_of_32.5µl_+_no_vortex_at_step_22,,Box_10_Row_3,07.03.2022_B2,Dileshi,
645,E57,LM0254,XX,E57aBTZ,,,,2,Found,Found,0.1075,with_beads,with_beads,,,Box_10_Row_3,24.04.2022_B1,Dileshi,
646,E57,LM0254,XX,E57aFLV,,,,3,Empty,Found,0.0536,with_beads,with_beads,,,Box_10_Row_3,23.04.2022_B2,Dileshi,
647,E57,LM0254,XX,E57aFLV2,,,Yes,3,Empty,Found,0.0825,with_beads,with_beads,,,,24.04.2022_B1,Dileshi,
648,E57,LM0254,XX,E57aJKL,,,,4,Found,Found,0.0692,with_beads,with_beads,,,Box_10_Row_3,24.04.2022_B1,Dileshi,
649,E57,LM0254,XX,E57aBNX,,,,5,Unknown,Found,0.0622,with_beads,with_beads,,,Box_10_Row_3,24.04.2022_B1,Dileshi,
650,E57,LM0254,XX,E57aGMQ,,,,6,Unknown,Found,0.0668,with_beads,with_beads,,,Box_10_Row_3,23.04.2022_B2,Dileshi,
651,E57,LM0254,XX,E57aBKZ,,,,7,Unknown,Found,0.0771,with_beads,with_beads,,,Box_10_Row_3,24.04.2022_B1,Dileshi,
652,E57,LM0254,XX,E57aEFT,,,,8,Unknown,Unknown,,,,,,Box_10_Row_3,,,
653,E57,LM0254,XX,E57aMNW,,,,9,Unknown,Found,0.0870,with_beads,with_beads,,,Box_10_Row_3,24.04.2022_B1,Dileshi,
654,E57,LM0254,XX,E57aBCM,,,,10,Unknown,Found,0.0697,with_beads,with_beads,,,Box_10_Row_3,24.04.2022_B1,Dileshi,
655,E57,LM0254,XX,E57aADG,,,,11,Unknown,Found,0.0661,with_beads,with_beads,,,Box_10_Row_3,24.04.2022_B1,Dileshi,
656,E57,LM0255,XX,E57aAKT,,,,0,Found,Found,0.0157,with_beads,with_beads,,,Box_10_Row_4,07.04.2022_B1,Dileshi,
657,E57,LM0255,XX,E57aGMY,,,,1,Found,Found,0.0375,no_beads,no_beads,4_minute_longer_fridge_incubation,,Box_10_Row_4,09.03.2022_B1,Dileshi,
658,E57,LM0255,,E57aDFM,,,,2,Found,Found,0.0667,with_beads,with_beads,,,Box_10_Row_4,,,
659,E57,LM0255,,E57aJWY,,,,3,Found,Found,0.0777,with_beads,with_beads,,,Box_10_Row_4,24.03.2022,Alexa,
660,E57,LM0255,,E57aCMS,,,,4,Found,Found,0.0578,with_beads,with_beads,,,Box_10_Row_4,,,
661,E57,LM0255,,E57aIMX,,,,5,Unknown,Found,0.0547,with_beads,with_beads,,,Box_10_Row_4,,,
662,E57,LM0255,XX,E57aBNV,,,,6,Unknown,Found,0.0667,with_beads,with_beads,,,Box_10_Row_4,24.04.2022_B1,Dileshi,
663,E57,LM0255,XX,E57aEIR,,,,7,Unknown,Found,0.0544,with_beads,with_beads,,,Box_10_Row_4,24.04.2022_B1,Dileshi,
664,E57,LM0255,,E57aGXY,,,,8,Unknown,Unknown,,,,,,Box_10_Row_4,,,
665,E57,LM0255,,E57aOQS,,,,9,Unknown,Empty,,,,,,Box_10_Row_4,,,
666,E57,LM0255,XX,E57aDGJ,,,,10,Unknown,Found,0.0253,with_beads,with_beads,,,Box_10_Row_4,01.05.2022_B1,Dileshi,
667,E57,LM0255,,E57aHXY,,,,11,Unknown,Found,0.0516,with_beads,with_beads,,,Box_10_Row_4,,,
668,E57,LM0256,,E57aFIM,,,,0,Found,Found,,,,,,Box_10_Row_5,,,
669,E57,LM0256,,E57aGLZ,,,,1,Unknown,Found,,,,,,Box_10_Row_5,,,
670,E57,LM0256,,E57aDSZ,,,,2,Found,Found,,,,,,Box_10_Row_5,,,
671,E57,LM0256,,E57aFTY,,,,3,Unknown,Found,,,,,,Box_10_Row_5,,,
672,E57,LM0256,,E57aKLZ,,,,4,Empty,Found,,,,,,Box_10_Row_5,,,
673,E57,LM0256,,E57aBKQ,,,,5,Unknown,Found,,,,,,Box_10_Row_5,,,
674,E57,LM0256,,E57aLPS,,,,6,Unknown,Found,,,,,,Box_10_Row_5,,,
675,E57,LM0256,,E57aLRU,,,,7,Unknown,Found,,,,,,Box_10_Row_5,,,
676,E57,LM0256,,E57aABE,,,,8,Unknown,Unknown,,,,,Available,Box_10_Row_5,,,
677,E57,LM0256,,E57aEFY,,,,9,Unknown,Found,,,,,,Box_10_Row_5,,,
678,E57,LM0256,,E57aHIU,,,,10,Unknown,Found,,,,,Available,Box_10_Row_5,,,
679,E57,LM0256,,E57aILS,,,,11,Unknown,Found,,,,,Available,Box_10_Row_5,,,
680,E57,LM0257,,E57aCEN,,,,0,Found,Found,,,,,Available,Box_11_Row_1,,,
681,E57,LM0257,,E57aCLV,,,,1,Found,Found,0.0648,no_beads,no_beads,75µl_SX_instead_of_32.5µl_+_no_vortex_at_step_22,Available,Box_11_Row_1,07.03.2022_B2,Dileshi,
682,E57,LM0257,,E57aFOY,,,,2,Empty,Found,,,,,Available,Box_11_Row_1,,,
683,E57,LM0257,,E57aDIN,,,,3,Found,Found,0.0147,with_beads,with_beads,,Available,Box_11_Row_1,23.03.2022,Alexa,
684,E57,LM0257,,E57aELP,,,,4,Found,Found,,,,,Available,Box_11_Row_1,,,
685,E57,LM0257,,E57aJOQ,,,,5,Found,Found,,,,,,Box_11_Row_1,,,
686,E57,LM0257,,E57aBKN,,,,6,Unknown,Found,,,,,Available,Box_11_Row_1,,,
687,E57,LM0257,,E57aDIW,,,,7,Found,Found,,,,,Available,Box_11_Row_1,,,
688,E57,LM0257,,E57aJKN,,,,8,Unknown,Unknown,,,,,Available,Box_11_Row_1,,,
689,E57,LM0257,,E57aLNW,,,,9,Unknown,Found,,,,,,Box_11_Row_1,,,
690,E57,LM0257,,E57aFHI,,,,10,Unknown,Found,,,,,,Box_11_Row_1,,,
691,E57,LM0257,,E57aIOU,,,,11,Unknown,Found,,,,,,Box_11_Row_1,,,